x, y, x_pixel, y_pixel,x_mm,y_mm,err_x,err_y,x_mm_,y_mm_,err_x,err_y,,,,,,,,,,,
0,0,173.0590057,167.707077,4.066825433,2.611278085,4.066825433,2.611278085,3.698865612,2.259017209,3.698865612,2.259017209,,,,,,,,,,,
10,0,260,160.5,13.46685265,1.824743151,3.466852652,1.824743151,13.41197717,1.560636443,3.411977173,1.560636443,,9,8,7,6,5,4,3,2,1,0
20,0,352.6671753,154.6858063,23.58696361,1.192658668,3.58696361,1.192658668,23.84131174,1.021870173,3.841311741,1.021870173,x,-1.56886E-25,1.43764E-21,-5.60114E-18,1.21003E-14,-1.58555E-11,1.29586E-08,-6.53472E-06,0.001919707,-0.181896763,2.090817372
30,0,443,148,33.31775047,0.468675479,3.317750468,0.468675479,33.42838104,0.432872779,3.428381044,0.432872779,y,-2.08196E-25,1.91136E-21,-7.46785E-18,1.61952E-14,-2.13239E-11,1.75257E-08,-8.89544E-06,0.002638562,-0.293480449,7.856661846
40,0,537.8268433,143.8278809,43.24940642,0.018516867,3.249406422,0.018516867,43.10742998,0.083511468,3.107429984,0.083511468,,,,,,,,,,,
50,0,634.4266968,136.650238,53.02573469,-0.752852513,3.02573469,0.752852513,52.83093837,-0.481412472,2.830938375,0.481412472,,,,,,,,,,,
60,0,727.3474731,131.8395538,62.14032837,-1.267573268,2.140328375,1.267573268,62.09254884,-0.832180157,2.092548836,0.832180157,,,,,,,,,,,
70,0,824.6954956,132.6850586,71.4714292,-1.177244491,1.471429196,1.177244491,71.60274646,-0.772246417,1.602746459,0.772246417,,,,,,,,,,,
80,0,926.1448975,131.3599701,81.07210087,-1.31878307,1.072100874,1.31878307,81.24013641,-0.865841394,1.240136411,0.865841394,,,,,,,,,,,
90,0,1025.111816,128.7736816,90.41743207,-1.594615956,0.417432074,1.594615956,90.45830945,-1.043115762,0.458309448,1.043115762,,,,,,,,,,,
100,0,1121.150879,130.4573822,99.53379279,-1.415109308,0.466207206,1.415109308,99.4217329,-0.928529194,0.578267102,0.928529194,,,,,,,,,,,
110,0,1220.470947,134.9423523,109.0509603,-0.935802449,0.949039693,0.935802449,108.8994617,-0.608622135,1.100538284,0.608622135,,,,,,,,,,,
120,0,1315.511719,137.5565033,118.2711474,-0.6556785,1.728852629,0.6556785,118.2312405,-0.412747333,1.768759475,0.412747333,,,,,,,,,,,
130,0,1414.549805,143.3193359,128.0440199,-0.03626533,1.955980108,0.03626533,128.1590198,0.041944594,1.840980202,0.041944594,,,,,,,,,,,
140,0,1505.562256,149.2911682,137.2505785,0.60824564,2.749421497,0.60824564,137.3838956,0.543908829,2.616104386,0.543908829,,,,,,,,,,,
150,0,1601.280273,156.7382965,147.2792536,1.415535981,2.720746399,1.415535981,147.2547517,1.209381923,2.745248291,1.209381923,,,,,,,,,,,
160,0,1691.5,165,157.1359668,2.315464565,2.864033211,2.315464565,156.9806035,1.992973081,3.019396514,1.992973081,,,,,,,,,,,
170,0,1781.983398,172.3109283,167.3355923,3.115371758,2.664407695,3.115371758,167.3454403,2.721029441,2.654559709,2.721029441,,,,,,,,,,,
180,0,1865.985107,179.8991394,176.6704406,3.948883274,3.329559401,3.948883274,176.8704802,3.5064236,3.129519847,3.5064236,,,,,,,,,,,
0,10,165.4116669,251.3286438,3.254143275,11.91421047,3.254143275,1.914210469,2.920461818,11.72672236,2.920461818,1.726722365,,,,,,,,,,,
10,10,253.7127838,247.7069397,12.78070639,11.50670135,2.780706387,1.506701348,12.68931987,11.29285278,2.689319875,1.292852781,,,,,,,,,,,
20,10,345.7037659,239.2143402,22.82897942,10.55217137,2.828979422,0.552171371,23.07872372,10.27778146,3.078723716,0.277781458,,,,,,,,,,,
30,10,434.9555664,233.2060242,32.46062778,9.877867005,2.460627782,0.122132995,32.59392238,9.562600335,2.593922384,0.437399665,,,,,,,,,,,
40,10,529.3338623,230.8061523,42.37343228,9.60879121,2.373432278,0.39120879,42.24836415,9.277858364,2.248364153,0.722141636,,,,,,,,,,,
50,10,625.2648926,222.4900513,52.11273047,8.677640045,2.112730471,1.322359955,51.91195529,8.296354603,1.911955291,1.703645397,,,,,,,,,,,
60,10,724.5,220.5,61.86451902,8.455124647,1.864519017,1.544875353,61.81087486,8.062887519,1.810874862,1.937112481,,,,,,,,,,,
70,10,824.6380615,219.2394562,71.46596842,8.314244044,1.465968423,1.685755956,71.59721151,7.915326205,1.597211512,2.084673795,,,,,,,,,,,
80,10,921.9754028,217.5832977,80.67855875,8.129228719,0.678558748,1.870771281,80.84895178,7.721854706,0.848951775,2.278145294,,,,,,,,,,,
90,10,1024.744507,217.1616974,90.38269726,8.082144689,0.38269726,1.917855311,90.42419737,7.672679027,0.424197369,2.327320973,,,,,,,,,,,
100,10,1124.616821,216.431839,99.86421769,8.000649218,0.135782306,1.999350782,99.74807814,7.58762255,0.251921862,2.41237745,,,,,,,,,,,
110,10,1223.616577,222.2045593,109.3541883,8.645710413,0.645811696,1.354289587,109.20428,8.262824545,0.795719975,1.737175455,,,,,,,,,,,
120,10,1321.915283,223.5701447,118.8972683,8.798461336,1.102731651,1.201538664,118.8681123,8.423315981,1.13188772,1.576684019,,,,,,,,,,,
130,10,1419.582886,231.7072906,128.546632,9.709809592,1.453367959,0.290190408,128.6669829,9.384708415,1.333017112,0.615291585,,,,,,,,,,,
140,10,1515.036499,235.0117645,138.225433,10.08042797,1.774566995,0.08042797,138.3501185,9.777218331,1.649881457,0.222781669,,,,,,,,,,,
150,10,1605.081055,241.3374634,147.6863586,10.79065339,2.313641365,0.790653386,147.6538444,10.53115923,2.346155646,0.531159227,,,,,,,,,,,
160,10,1699.284424,249.5266724,158.0042935,11.7114243,1.995706462,1.7114243,157.8488108,11.51079746,2.151189169,1.510797463,,,,,,,,,,,
170,10,1786.202637,257.1196289,167.8132848,12.5662864,2.186715183,2.566286405,167.8383669,12.42113802,2.161633054,2.421138025,,,,,,,,,,,
180,10,1875.715698,266.1031189,177.704728,13.5788465,2.295272023,3.578846497,177.871124,13.49878395,2.128875991,3.498783949,,,,,,,,,,,
0,20,153.2637787,339.083374,1.970104713,21.81611885,1.970104713,1.816118847,1.735738016,22.10020556,1.735738016,2.100205564,,,,,,,,,,,
10,20,243.2884369,336.2866821,11.64435108,21.50098509,1.64435108,1.500985088,11.49144141,21.77861418,1.491441409,1.778614183,,,,,,,,,,,
20,20,337.8198547,328.6697083,21.96987418,20.64221971,1.969874176,0.642219714,22.2107486,20.89899432,2.210748603,0.898994322,,,,,,,,,,,
30,20,431.6532288,320.8202515,32.1081638,19.75662415,2.108163797,0.243375848,32.25049032,19.98688994,2.250490321,0.013110062,,,,,,,,,,,
40,20,526.125061,318.1811218,42.04176726,19.45875493,2.041767259,0.541245067,41.9235379,19.67896944,1.923537898,0.321030557,,,,,,,,,,,
50,20,621.5,312.5,51.73672467,18.81738806,1.736724674,1.182611935,51.53410407,19.01404718,1.534104072,0.985952817,,,,,,,,,,,
60,20,721.4822998,309.1158447,61.57201445,18.43525211,1.572014448,1.56474789,61.51217898,18.61665319,1.512178982,1.383346813,,,,,,,,,,,
70,20,818.7992554,307.2806396,70.91067104,18.22800232,0.910671036,1.771997676,71.03403162,18.40075261,1.034031623,1.599247395,,,,,,,,,,,
80,20,922.5317383,304.7411804,80.73107588,17.94120216,0.731075881,2.05879784,80.90116755,18.10155288,0.901167545,1.898447117,,,,,,,,,,,
90,20,1024.583618,302.4067993,90.36747933,17.67754793,0.367479331,2.322452071,90.40925571,17.82606815,0.409255712,2.17393185,,,,,,,,,,,
100,20,1126.023071,307.1125183,99.99831894,18.20901622,0.001681064,1.790983783,99.88056579,18.38096047,0.119434211,1.619039531,,,,,,,,,,,
110,20,1226.791992,306.528595,109.6604189,18.14307049,0.33958113,1.856929509,109.5122825,18.31220022,0.487717545,1.687799784,,,,,,,,,,,
120,20,1325,311.5,119.1990952,18.70447455,0.800904845,1.295525449,119.1752117,18.89671933,0.824788319,1.103280671,,,,,,,,,,,
130,20,1424.373047,315.7806396,129.0255616,19.18777829,0.974438376,0.812221708,129.1506615,19.3983576,0.849338456,0.601642403,,,,,,,,,,,
140,20,1517.86731,321.841217,138.5174666,19.87184255,1.482533374,0.128157445,138.6391257,20.10584369,1.360874321,0.105843686,,,,,,,,,,,
150,20,1613.986206,329.8313599,148.6429841,20.7732308,1.357015896,0.773230804,148.5919328,21.03349525,1.408067181,1.033495246,,,,,,,,,,,
160,20,1704.135132,336.1231079,158.5466397,21.48254997,1.453360287,1.482549969,158.3923648,21.75978183,1.607635182,1.759781831,,,,,,,,,,,
170,20,1796.879272,344.2232666,169.0203395,22.39501307,0.979660533,2.395013073,169.085151,22.68930104,0.914849037,2.689301039,,,,,,,,,,,
180,20,1883.83252,354.9226379,178.5548528,23.59877122,1.445147187,3.598771221,178.6736608,23.90751008,1.326339166,3.907510076,,,,,,,,,,,
0,30,146.7878418,431.8293762,1.289362386,32.17575851,1.289362386,2.175758506,1.134694422,32.37185024,1.134694422,2.371850242,,,,,,,,,,,
10,30,235.9230042,422.7972412,10.84263574,31.17695045,0.842635745,1.176950451,10.64658448,31.40070783,0.64658448,1.400707832,,,,,,,,,,,
20,30,329,418,21.00776856,30.64541429,1.00776856,0.645414287,21.23396777,30.88280909,1.233967768,0.882809089,,,,,,,,,,,
30,30,423.9498596,414.058197,31.28462969,30.20813498,1.284629691,0.208134984,31.44725934,30.45611231,1.447259339,0.456112307,,,,,,,,,,,
40,30,516.3057861,409.2060242,41.02442866,29.66922947,1.024428663,0.330770534,40.92856431,29.92938831,0.928564314,0.070611691,,,,,,,,,,,
50,30,617.3994751,403.5742798,51.32664777,29.04288889,1.326647773,0.95711111,51.12243512,29.31590764,1.12243512,0.684092358,,,,,,,,,,,
60,30,714.3413696,400.3471069,60.87894427,28.68357264,0.878944271,1.316427362,60.80463202,28.96329437,0.80463202,1.036705627,,,,,,,,,,,
70,30,818.5740356,397.0354919,70.88923952,28.31455705,0.889239518,1.685442947,71.01228864,28.60062076,1.012288642,1.399379241,,,,,,,,,,,
80,30,918.329895,395.6611938,80.33444752,28.16133111,0.334447521,1.838668895,80.50664076,28.44986106,0.506640756,1.550138942,,,,,,,,,,,
90,30,1021.367126,391.61026,90.06325862,27.70938654,0.063258624,2.29061346,90.11055168,28.00459719,0.110551676,1.99540281,,,,,,,,,,,
100,30,1127.410522,395.7107544,100.1306247,28.16685733,0.130624688,1.833142672,100.0113273,28.45530042,0.011327285,1.544699577,,,,,,,,,,,
110,30,1226.057007,396.1231689,109.5895244,28.21284334,0.410475576,1.787156663,109.4409653,28.50055614,0.559034735,1.499443855,,,,,,,,,,,
120,30,1329,401.5,119.5907486,28.81196933,0.409251388,1.188030669,119.5737202,29.08935501,0.426279803,0.910644993,,,,,,,,,,,
130,30,1428.5,407,129.4386951,29.42399247,0.56130494,0.576007526,129.5675519,29.68935815,0.432448132,0.310641848,,,,,,,,,,,
140,30,1524.254639,414.0435791,139.1774843,30.20651231,0.82251575,0.20651231,139.2917982,30.45452795,0.708201752,0.454527951,,,,,,,,,,,
150,30,1618.510498,418.2402344,149.1305486,30.67204834,0.869451413,0.672048338,149.070237,30.90878029,0.929763001,0.908780286,,,,,,,,,,,
160,30,1713.862427,425.6400757,159.6368989,31.49160119,0.363101133,1.491601193,159.4882268,31.70691397,0.511773217,1.706913971,,,,,,,,,,,
170,30,1800.592773,432.8688354,169.4395163,32.29053767,0.560483659,2.290537667,169.5181912,32.48329868,0.481808799,2.48329868,,,,,,,,,,,
180,30,1888.786621,442.9126587,179.0673175,33.39776297,0.93268252,3.397762973,179.1469568,33.55704947,0.85304321,3.557049469,,,,,,,,,,,
0,40,142.9230042,523.4522705,0.884430714,42.1447751,0.884430714,2.144775099,0.787514313,42.02481983,0.787514313,2.024819827,,,,,,,,,,,
10,40,232.4753723,515.0059204,10.46776068,41.23906511,0.467760682,1.239065112,10.25191765,41.14452457,0.251917646,1.144524569,,,,,,,,,,,
20,40,321.3786316,508.566864,20.17567692,40.54671776,0.175676924,0.546717765,20.38506877,40.47266402,0.385068771,0.472664017,,,,,,,,,,,
30,40,416,505,30.43283062,40.16250174,0.432830616,0.16250174,30.61505517,40.10016606,0.615055169,0.100166057,,,,,,,,,,,
40,40,513.8374634,501.338501,40.76812598,39.767577,0.768125978,0.232422999,40.67820387,39.71751991,0.678203869,0.282480091,,,,,,,,,,,
50,40,609.3377686,497.2987976,50.51873057,39.33125745,0.518730568,0.66874255,50.31269636,39.29501394,0.31269636,0.704986058,,,,,,,,,,,
60,40,712.2045898,492.4019165,60.67130792,38.80151417,0.67130792,1.198485833,60.59271933,38.78234634,0.592719328,1.217653664,,,,,,,,,,,
70,40,815.2689819,486.5129395,70.57470125,38.16323285,0.574701255,1.836767146,70.69304847,38.16500247,0.693048467,1.83499753,,,,,,,,,,,
80,40,918.803894,487.1505127,80.379197,38.23240093,0.379197,1.767599071,80.55116444,38.23188488,0.551164442,1.768115117,,,,,,,,,,,
90,40,1024.094482,484.4496155,90.32121183,37.93928635,0.321211832,2.060713649,90.36383023,37.94847765,0.363830231,2.051522351,,,,,,,,,,,
100,40,1128.419312,488.8435669,100.226847,38.41599744,0.226846962,1.584002557,100.1064297,38.40943433,0.106429714,1.590565669,,,,,,,,,,,
110,40,1229.292725,491.7368469,109.9016578,38.72949666,0.098342227,1.270503339,109.7550535,38.71267265,0.244946454,1.287327354,,,,,,,,,,,
120,40,1333,494.5,119.9827026,39.02859709,0.017297358,0.971402911,119.9725458,39.00207178,0.027454208,0.997928221,,,,,,,,,,,
130,40,1434.155029,498.0156555,130.0055879,39.40872993,0.005587899,0.591270072,130.1390665,39.37001578,0.139066486,0.629984218,,,,,,,,,,,
140,40,1530.5,505.5,139.8244469,40.21639023,0.175553096,0.216390228,139.9307806,40.15239745,0.069219352,0.152397449,,,,,,,,,,,
150,40,1626.934082,511.2859192,150.0410518,40.83927755,0.041051798,0.839277554,149.9640178,40.75646267,0.035982186,0.756462666,,,,,,,,,,,
160,40,1720.044556,521.385437,160.3315485,41.92340702,0.331548462,1.923407018,160.1886933,41.80950656,0.18869327,1.809506561,,,,,,,,,,,
170,40,1810.38562,524.5181885,170.5422526,42.25887752,0.542252571,2.258877524,170.6570976,42.13583964,0.657097649,2.135839641,,,,,,,,,,,
180,40,1896.5,533,179.8546255,43.16519984,0.145374516,3.165199845,179.8556767,43.01875402,0.144323312,3.018754016,,,,,,,,,,,
0,50,136,616,0.161707077,51.88470544,0.161707077,1.884705442,0.189344205,51.6342615,0.189344205,1.634261501,,,,,,,,,,,
10,50,226.5643768,612.3800049,9.825687399,51.50996343,0.174312601,1.509963434,9.576916142,51.2590205,0.423083858,1.259020502,,,,,,,,,,,
20,50,318.1638489,604.9492798,19.82452222,50.7391836,0.175477779,0.739183604,20.02566941,50.48863242,0.025669407,0.488632416,,,,,,,,,,,
30,50,408.7673035,599.5317383,29.65624239,50.17591176,0.343757611,0.17591176,29.85484731,49.92685812,0.145152694,0.07314188,,,,,,,,,,,
40,50,506,596,39.95279942,49.80810458,0.047200578,0.19189542,39.88252265,49.560588,0.117477351,0.439411999,,,,,,,,,,,
50,50,606.1160889,592.5532837,50.19522884,49.44869226,0.195228838,0.551307742,49.98896206,49.20310181,0.011037939,0.796898192,,,,,,,,,,,
60,50,707.7284546,585.4130859,60.23597103,48.70266809,0.235971026,1.29733191,60.14852425,48.46242931,0.14852425,1.537570686,,,,,,,,,,,
70,50,808.760376,582.2460327,69.95487043,48.37113598,0.045129575,1.628864019,70.06346366,48.13385474,0.063463656,1.866145261,,,,,,,,,,,
80,50,913.4324341,583.0403442,79.87210846,48.45432176,0.127891544,1.545678241,80.04633577,48.21626559,0.046335768,1.783734412,,,,,,,,,,,
90,50,1019.996338,579.7458496,89.93362281,48.10913801,0.066377189,1.890861993,89.98325609,47.87444476,0.016743909,2.12555524,,,,,,,,,,,
100,50,1126.519409,583.7791748,100.0456547,48.53167737,0.045654691,1.46832263,99.92733842,48.2929185,0.072661581,1.7070815,,,,,,,,,,,
110,50,1231.267822,584.2115479,110.0922478,48.57693571,0.092247776,1.423064292,109.9469266,48.337776,0.053073429,1.662224,,,,,,,,,,,
120,50,1337.520264,589.0505981,120.4259998,49.08296819,0.425999808,0.917031808,120.4236156,48.83977663,0.423615574,1.160223372,,,,,,,,,,,
130,50,1437.5,595.5,130.3413552,49.75599516,0.341355222,0.244004838,130.4772615,49.5087311,0.477261502,0.491268901,,,,,,,,,,,
140,50,1537.062134,600.3660278,140.50601,50.26272756,0.506010023,0.262727562,140.6031206,50.01337564,0.603120563,0.013375636,,,,,,,,,,,
150,50,1632.341064,609.043457,150.6273143,51.16412642,0.627314262,1.164126416,150.5400553,50.91312201,0.540055269,0.913122014,,,,,,,,,,,
160,50,1723.5,613.5,160.72032,51.62595704,0.720319991,1.625957036,160.5815354,51.37512166,0.58153542,1.375121655,,,,,,,,,,,
170,50,1812.790405,618.317627,170.8124389,52.12436946,0.81243895,2.124369457,170.9358429,51.87447722,0.935842882,1.874477218,,,,,,,,,,,
180,50,1901.621826,625.40979,180.3696842,52.85652633,0.369684175,2.856526326,180.3053083,52.60942991,0.305308301,2.609429907,,,,,,,,,,,
0,60,131.5397491,711.5161133,-0.302058746,61.60632088,0.302058746,1.606320882,-0.17850744,61.49910361,0.17850744,1.499103613,,,,,,,,,,,
10,60,220,707,9.113704337,61.15333633,0.886295663,1.153336327,8.830495483,61.0353609,1.169504517,1.035360899,,,,,,,,,,,
20,60,312.8147278,704.0003662,19.24004592,60.8521277,0.759954083,0.8521277,19.42595804,60.72712694,0.574041964,0.727126938,,,,,,,,,,,
30,60,406.8563232,696.7235107,29.45080453,60.1202946,0.549195467,0.120294604,29.65347763,59.97871087,0.346522367,0.021289129,,,,,,,,,,,
40,60,499.5446777,692.3006592,39.27953696,59.67469231,0.720463035,0.325307695,39.22625157,59.52339121,0.773748432,0.476608791,,,,,,,,,,,
50,60,598.0370483,690.8228149,49.38237059,59.52566784,0.617629415,0.474332165,49.1767868,59.37118226,0.823213199,0.62881774,,,,,,,,,,,
60,60,701.5,685,59.62933913,58.93781834,0.370660875,1.062181662,59.52982596,58.77114781,0.470174037,1.228852192,,,,,,,,,,,
70,60,807.7086182,680.2965698,69.8546463,58.46219149,0.145353701,1.537808512,69.96161315,58.28611242,0.038386846,1.713887577,,,,,,,,,,,
80,60,914.4737549,680.885376,79.97041653,58.52177306,0.029583467,1.47822694,80.14425062,58.34684874,0.144250625,1.653151257,,,,,,,,,,,
90,60,1021,679,90.0285311,58.33094928,0.028531104,1.669050716,90.07645898,58.15235305,0.076458981,1.847646951,,,,,,,,,,,
100,60,1131.598999,682.6278687,100.5301856,58.69802918,0.530185572,1.301970822,100.4063486,58.52656252,0.40634862,1.473437484,,,,,,,,,,,
110,60,1237.855347,682.7570801,110.7282868,58.71109258,0.728286826,1.288907422,110.5877082,58.53988723,0.587708248,1.460112771,,,,,,,,,,,
120,60,1341.978882,689.9607544,120.8635942,59.43870345,0.863594186,0.561296554,120.8689071,59.28237975,0.868907119,0.717620253,,,,,,,,,,,
130,60,1442.966064,691.8164063,130.8906759,59.62587052,0.89067586,0.374129478,131.030137,59.47351984,1.030136993,0.526480155,,,,,,,,,,,
140,60,1541.963989,700.4387207,141.0163757,60.49413765,1.016375699,0.494137646,141.1060375,60.36093078,1.106037459,0.360930783,,,,,,,,,,,
150,60,1636.459595,703.5442505,151.0749049,60.80630236,1.074904924,0.806302363,150.9801029,60.68024333,0.980102892,0.680243329,,,,,,,,,,,
160,60,1729.755615,711.8280029,161.4250757,61.63757652,1.42507569,1.63757652,161.2950714,61.53111576,1.295071394,1.531115756,,,,,,,,,,,
170,60,1817.932007,716.0614624,171.3889698,62.06163108,1.388969793,2.061631077,171.5301936,61.96544202,1.530193592,1.965442022,,,,,,,,,,,
180,60,1903.068359,719.4871826,180.514043,62.4043914,0.514042951,2.404391404,180.4290191,62.31662856,0.42901908,2.31662856,,,,,,,,,,,
0,70,127.5,807.5,-0.720790199,71.10836471,0.720790199,1.10836471,-0.498815849,71.23130024,0.498815849,1.231300239,,,,,,,,,,,
10,70,214.01651,803.0487061,8.465805868,70.67229321,1.534194132,0.672293211,8.153908411,70.78632394,1.846091589,0.786323936,,,,,,,,,,,
20,70,306.5,801,18.54981848,70.47145782,1.450181525,0.471457821,18.71532891,70.58128886,1.284671093,0.581288858,,,,,,,,,,,
30,70,397.9890747,796.0664673,28.4962072,69.98749029,1.503792796,0.012509711,28.71616406,70.08693821,1.283835942,0.086938215,,,,,,,,,,,
40,70,493.8786011,795.6482544,38.68731561,69.94644409,1.312684393,0.053555908,38.64947314,70.0449936,1.350526855,0.044993597,,,,,,,,,,,
50,70,593.1905518,788.5302124,48.89363242,69.24726036,1.106367581,0.75273964,48.68934223,69.33017323,1.310657768,0.669826766,,,,,,,,,,,
60,70,695.322876,788.6075439,59.02668282,69.25486198,0.973317178,0.745138025,58.91555634,69.33794838,1.08444366,0.662051615,,,,,,,,,,,
70,70,802.5533447,783.5574951,69.36319233,68.75818429,0.636807675,1.24181571,69.46193315,68.82978156,0.538066852,1.170218437,,,,,,,,,,,
80,70,910.5,781.5,79.59524648,68.55566396,0.404753521,1.444336035,79.77047427,68.62250183,0.229525728,1.377498174,,,,,,,,,,,
90,70,1019.695618,778.6074829,89.90518224,68.27080512,0.094817755,1.729194876,89.95533057,68.33086516,0.044669428,1.669134842,,,,,,,,,,,
100,70,1131.5,782.5,100.5207479,68.65410463,0.520747934,1.345895369,100.3970071,68.72326291,0.397007059,1.276737086,,,,,,,,,,,
110,70,1239,785.5,110.8388452,68.94929492,0.838845244,1.050705078,110.6991805,69.02534871,0.699180534,0.974651288,,,,,,,,,,,
120,70,1345.414551,788.1473999,121.201017,69.20962843,1.20101701,0.790371568,121.2122797,69.29168113,1.212279749,0.708318871,,,,,,,,,,,
130,70,1446,794,131.1959746,69.78463616,1.195974648,0.215363836,131.3371314,69.87962351,1.337131425,0.120376491,,,,,,,,,,,
140,70,1545.759033,797.390564,141.4121965,70.1174272,1.412196543,0.1174272,141.4958284,70.21969853,1.49582837,0.219698526,,,,,,,,,,,
150,70,1639.5,803.5,151.4058577,70.71651879,1.405857698,0.716518795,151.3056858,70.83146973,1.305685786,0.831469727,,,,,,,,,,,
160,70,1732.3396,807.1126099,161.7165669,71.07042746,1.716566861,1.070427461,161.590669,71.19260247,1.590668974,1.192602471,,,,,,,,,,,
170,70,1818.616455,811.5502319,171.4655797,71.50482088,1.46557973,1.504820876,171.6091255,71.63557124,1.60912555,1.635571243,,,,,,,,,,,
180,70,1906.33667,818.4630127,180.8379589,72.18079348,0.837958933,2.180793475,180.7029307,72.32420101,0.702930683,2.324201012,,,,,,,,,,,
0,80,125.4440308,906.4205933,-0.933404983,80.71990656,0.933404983,0.719906557,-0.656873301,80.93327228,0.656873301,0.933272279,,,,,,,,,,,
10,80,210.2844391,904.5390625,8.062261172,80.53819353,1.937738828,0.538193529,7.734124434,80.75198753,2.265875566,0.751987532,,,,,,,,,,,
20,80,303.9008179,902.3942261,18.26565759,80.33100947,1.734342415,0.331009472,18.42202064,80.54519109,1.577979356,0.545191094,,,,,,,,,,,
30,80,395.5,898,28.22786392,79.90641573,1.772136082,0.093584269,28.45216381,80.12103867,1.547836192,0.121038671,,,,,,,,,,,
40,80,493.0118713,897.2930298,38.59661883,79.83808557,1.403381168,0.161914428,38.56117908,80.05273773,1.438820923,0.052737726,,,,,,,,,,,
50,80,589.4256592,895.2172241,48.51338404,79.63743451,1.486615957,0.362565485,48.31056178,79.85209444,1.689438223,0.147905556,,,,,,,,,,,
60,80,691.2738647,889.4301758,58.63108607,79.0778037,1.368913926,0.922196299,58.51256577,79.29194946,1.487434226,0.708050539,,,,,,,,,,,
70,80,796.918335,889.9902954,68.82554683,79.13199231,1.174453165,0.868007687,68.91490036,79.34621566,1.085099636,0.653784342,,,,,,,,,,,
80,80,906.3023071,884.817749,79.19887595,78.63152222,0.801124047,1.36847778,79.37525627,78.84466576,0.624743731,1.155334239,,,,,,,,,,,
90,80,1020,885.5,89.93396693,78.69754812,0.066033069,1.302451884,89.98359616,78.91087317,0.016403837,1.089126834,,,,,,,,,,,
100,80,1131.458862,885.5714722,100.5168094,78.70445913,0.516809402,1.295540868,100.3931254,78.91780806,0.39312537,1.082191938,,,,,,,,,,,
110,80,1243.664063,888.9202271,111.2895847,79.02847178,1.289584697,0.971528224,111.1537852,79.24253449,1.15378521,0.757465515,,,,,,,,,,,
120,80,1345.594238,892.0773926,121.2186746,79.33383629,1.218674633,0.666163713,121.2302441,79.54832453,1.230244091,0.451675472,,,,,,,,,,,
130,80,1447.084106,898.6542969,131.3051199,79.96964846,1.305119878,0.03035154,131.4468498,80.18423575,1.44684983,0.184235745,,,,,,,,,,,
140,80,1545.330322,899.6312866,141.3674341,80.06406342,1.367434134,0.06406342,141.4517758,80.27857414,1.451775778,0.278574136,,,,,,,,,,,
150,80,1642.784668,902.8208008,151.7640204,80.37221994,1.764020361,0.372219942,151.6581365,80.58633184,1.658136507,0.586331837,,,,,,,,,,,
160,80,1732.459961,906.055603,161.7301318,80.68465903,1.730131779,0.684659029,161.6044498,80.89811469,1.604449815,0.898114687,,,,,,,,,,,
170,80,1824.260498,909.5025024,172.0965631,81.01747646,2.096563111,1.017476459,172.2580541,81.22996355,2.258054064,1.229963552,,,,,,,,,,,
180,80,1907.861572,912.1210327,180.9882068,81.27024582,0.988206801,1.270245822,180.8279839,81.48180532,0.827983916,1.481805316,,,,,,,,,,,
0,90,123.5897369,1001.716614,-1.124873106,89.89343006,1.124873106,0.106569937,-0.796438797,89.99088963,0.796438797,0.009110368,,,,,,,,,,,
10,90,211.3449097,1004.061768,8.176882273,90.11871063,1.823117727,0.118710626,7.853215312,90.21157902,2.146784688,0.211579021,,,,,,,,,,,
20,90,302.0885315,1001.016663,18.06750924,89.82617914,1.932490758,0.173820865,18.21724005,89.92500914,1.782759946,0.074990861,,,,,,,,,,,
30,90,393,1001.5,27.95817755,89.8726141,2.041822451,0.127385898,28.18659905,89.97050221,1.813400952,0.029497792,,,,,,,,,,,
40,90,490.0319214,998.3762817,38.28458403,89.57250999,1.715415974,0.427490007,38.25747234,89.67644051,1.74252766,0.323559494,,,,,,,,,,,
50,90,589.1624146,1001.45105,48.48677713,89.86790668,1.513222871,0.13209332,48.28407318,89.965895,1.715926825,0.034104999,,,,,,,,,,,
60,90,691.1031494,996.7446289,58.61439583,89.41574906,1.385604166,0.584250943,58.49556895,89.52279215,1.504431053,0.477207849,,,,,,,,,,,
70,90,794.5690918,995.2603149,68.60125717,89.27313788,1.398742835,0.726862117,68.68658008,89.38298882,1.313419923,0.617011178,,,,,,,,,,,
80,90,906,996,79.1703206,89.34420642,0.829679399,0.655793582,79.34677841,89.45266123,0.653221591,0.547338767,,,,,,,,,,,
90,90,1019.5,995.5,89.88667999,89.29616875,0.113320012,0.703831248,89.93716514,89.40556602,0.062834857,0.594433981,,,,,,,,,,,
100,90,1135.111816,995.0508423,100.8654226,89.25300877,0.865422598,0.746991226,100.7379719,89.36325687,0.737971875,0.63674313,,,,,,,,,,,
110,90,1241.542236,997.548645,111.0845008,89.49299913,1.084500753,0.507000869,110.9468932,89.59850836,0.946893204,0.401491644,,,,,,,,,,,
120,90,1349.764282,999.4743652,121.6285941,89.67800875,1.628594064,0.321991249,121.6473036,89.77982554,1.647303601,0.220174456,,,,,,,,,,,
130,90,1452.127075,1004.798279,131.8133671,90.189461,1.81336705,0.189460998,131.9573769,90.28087564,1.957376906,0.280875639,,,,,,,,,,,
140,90,1547.317017,1006.328491,141.5748777,90.33646078,1.574877674,0.336460777,141.6559631,90.4248316,1.655963127,0.424831596,,,,,,,,,,,
150,90,1641.252686,1005.347656,151.5969074,90.24224191,1.596907382,0.242241914,151.4936593,90.33256155,1.49365928,0.332561549,,,,,,,,,,,
160,90,1736.340942,1006.395508,162.1680876,90.34289317,2.168087631,0.342893172,162.049366,90.43113569,2.049365985,0.431135688,,,,,,,,,,,
170,90,1822.636353,1008.689392,171.9152253,90.56323317,1.915225295,0.56323317,172.0716949,90.64688915,2.071694881,0.646889147,,,,,,,,,,,
180,90,1909.224365,1012.674316,181.1219928,90.94599002,1.121992773,0.945990024,180.938216,91.0215787,0.938215997,1.0215787,,,,,,,,,,,
0,100,120,1102,-1.494738232,99.52528356,1.494738232,0.474716444,-1.058260347,99.41885952,1.058260347,0.581140483,,,,,,,,,,,
10,100,209.7933655,1100.757813,8.009196038,99.40591257,1.990803962,0.594087428,7.679030595,99.30165636,2.320969405,0.69834364,,,,,,,,,,,
20,100,300.6470947,1104.790771,17.90989973,99.79347522,2.090100275,0.206524781,18.05420811,99.68226206,1.945791888,0.317737937,,,,,,,,,,,
30,100,394.4688721,1102.755249,28.1166511,99.59784568,1.883348901,0.402154317,28.34268094,99.4901305,1.657319057,0.509869503,,,,,,,,,,,
40,100,486.8375549,1103.487549,37.94973577,99.66822689,2.050264226,0.331773111,37.93166737,99.55924427,2.068332626,0.440755731,,,,,,,,,,,
50,100,585.746521,1107.718506,48.14130241,100.0748459,1.858697592,0.074845903,47.94030703,99.95872539,2.059692966,0.041274609,,,,,,,,,,,
60,100,690.4100952,1108.145264,58.54663474,100.1158581,1.453365259,0.115858054,58.42656203,99.9990355,1.573437974,0.000964496,,,,,,,,,,,
70,100,796.078186,1105.765503,68.74534544,99.88715361,1.254654562,0.112846386,68.83326485,99.77428961,1.166735146,0.225710391,,,,,,,,,,,
80,100,906.1182251,1110.358765,79.18148898,100.3286148,0.818511018,0.328614815,79.35791567,100.2081645,0.642084333,0.208164542,,,,,,,,,,,
90,100,1017.216492,1111.575317,89.67075807,100.4455435,0.329241927,0.445543519,89.72511623,100.3231387,0.274883771,0.323138715,,,,,,,,,,,
100,100,1132.323486,1107.778564,100.599309,100.0806284,0.599308958,0.080628374,100.4747185,99.96439814,0.474718511,0.035601858,,,,,,,,,,,
110,100,1241.75061,1111.166626,111.1046408,100.4062577,1.104640844,0.406257725,110.9672053,100.2845112,0.967205264,0.284511182,,,,,,,,,,,
120,100,1347.667114,1107.826172,121.4224157,100.0851986,1.422415726,0.085198567,121.4375216,99.96889488,1.437521584,0.031105124,,,,,,,,,,,
130,100,1451.801147,1107.25293,131.7805016,100.0301016,1.780501557,0.030101563,131.9243741,99.91475207,1.924374126,0.085247925,,,,,,,,,,,
140,100,1549.840332,1111.023193,141.8385798,100.3924711,1.838579773,0.392471124,141.9154628,100.2709553,1.915462836,0.270955312,,,,,,,,,,,
150,100,1640.765015,1110.89624,151.5437038,100.3802867,1.543703784,0.380286653,151.4413359,100.2589572,1.441335911,0.258957222,,,,,,,,,,,
160,100,1733.560181,1107.236938,161.854266,100.0285622,1.854266007,0.028562213,161.730469,99.91324178,1.73046903,0.086758219,,,,,,,,,,,
170,100,1823.571289,1110.45166,172.0195477,100.3375448,2.01954774,0.337544785,172.1790118,100.216943,2.179011797,0.216943026,,,,,,,,,,,
180,100,1909.749268,1107.339111,181.1731768,100.0383786,1.173176805,0.038378621,180.9802824,99.92289159,0.980282369,0.077108405,,,,,,,,,,,
0,110,119.8720474,1201.727783,-1.507901996,109.1257163,1.507901996,0.87428365,-1.067383379,108.9353134,1.067383379,1.064686589,,,,,,,,,,,
10,110,209.48172,1202.097656,7.975523715,109.1614108,2.024476285,0.838589243,7.644084895,108.9710829,2.355915105,1.028917098,,,,,,,,,,,
20,110,298.9616394,1205.758545,17.7256022,109.514702,2.274397804,0.485297965,17.86340475,109.3253263,2.136595251,0.674673652,,,,,,,,,,,
30,110,395.3572693,1207.9104,28.21247156,109.7223976,1.787528443,0.277602366,28.43701311,109.5337258,1.562986886,0.466274188,,,,,,,,,,,
40,110,486.8746033,1210.527222,37.95362054,109.9750148,2.046379458,0.024985187,37.93544757,109.7873319,2.064552434,0.212668084,,,,,,,,,,,
50,110,589.9762573,1213.673462,48.56902434,110.2787919,1.430975656,0.278791899,48.36596324,110.0925024,1.634036764,0.09250239,,,,,,,,,,,
60,110,688.7446289,1216.523071,58.3837413,110.5539927,1.616258696,0.553992737,58.26070151,110.3691426,1.739298486,0.369142589,,,,,,,,,,,
70,110,794.2670898,1215.230713,68.572417,110.4291843,1.427583,0.429184282,68.65721774,110.2436519,1.342782263,0.243651942,,,,,,,,,,,
80,110,903.8464355,1221.728271,78.96694874,111.0567945,1.033051256,1.056794535,79.14384867,110.8750556,0.856151333,0.875055551,,,,,,,,,,,
90,110,1019,1221.5,89.83940378,111.0347558,0.160596223,1.034755814,89.89073434,110.852853,0.109265659,0.852852973,,,,,,,,,,,
100,110,1133.63855,1219.214478,100.7248086,110.8139577,0.724808639,0.81395772,100.5988535,110.6306351,0.598853468,0.630635051,,,,,,,,,,,
110,110,1243.123901,1220.83728,111.2373734,110.9707062,1.237373393,0.970706208,111.1011036,110.7884026,1.101103578,0.788402572,,,,,,,,,,,
120,110,1348.55481,1215.51709,121.5096795,110.4568341,1.509679514,0.456834085,121.5263095,110.2714557,1.526309532,0.271455661,,,,,,,,,,,
130,110,1447.544922,1213.432983,131.3515317,110.2555829,1.351531691,0.255582924,131.4934906,110.0691672,1.493490626,0.069167227,,,,,,,,,,,
140,110,1545.611328,1214.89502,141.3967962,110.3967471,1.396796178,0.396747105,141.4806502,110.2110632,1.480650228,0.211063151,,,,,,,,,,,
150,110,1641.499512,1211.57959,151.6238317,110.0766418,1.623831691,0.076641773,151.5201481,109.8893755,1.520148111,0.110624488,,,,,,,,,,,
160,110,1734.926392,1207.702393,162.0083738,109.7023338,2.008373765,0.297666245,161.8870767,109.5135753,1.887076686,0.48642471,,,,,,,,,,,
170,110,1824.461182,1209.578003,172.1188365,109.8833807,2.11883653,0.116619326,172.2810584,109.6953171,2.281058357,0.304682862,,,,,,,,,,,
180,110,1908.232056,1208.467041,181.0245955,109.7761342,1.024595522,0.223865781,180.8580952,109.5876558,0.858095225,0.41234424,,,,,,,,,,,
0,120,123,1298,-1.18570886,118.4487218,1.18570886,1.551278208,-0.84021843,118.3711414,0.84021843,1.628858565,,,,,,,,,,,
10,120,210.5952301,1302.410767,8.095849162,118.8779069,1.904150838,1.122093147,7.769009979,118.8089011,2.230990021,1.191098916,,,,,,,,,,,
20,120,304.8461609,1305.775879,18.36901208,119.2054782,1.630987921,0.794521847,18.52875255,119.1431475,1.471247446,0.856852526,,,,,,,,,,,
30,120,397.8685913,1306.760254,28.48322308,119.3013689,1.516776918,0.698631084,28.70339434,119.240965,1.296605658,0.759035026,,,,,,,,,,,
40,120,490.4473877,1310.319946,38.32810827,119.6480758,1.671891726,0.351924208,38.29982835,119.5948494,1.700171647,0.405150571,,,,,,,,,,,
50,120,589.373291,1317.681152,48.50809213,120.3655486,1.491907865,0.365548584,48.30529235,120.3274147,1.694707651,0.327414716,,,,,,,,,,,
60,120,693.9675903,1321.991455,58.89432055,120.7859942,1.105679453,0.785994195,58.78069715,120.7568153,1.219302849,0.756815319,,,,,,,,,,,
70,120,800.1134644,1322.401489,69.1304568,120.8259838,0.869543195,0.825983791,69.22518467,120.7976805,0.774815332,0.797680458,,,,,,,,,,,
80,120,905.6037598,1325.471436,79.13290776,121.1255778,0.867092244,1.125577791,79.30944875,121.1037299,0.690551253,1.103729908,,,,,,,,,,,
90,120,1020.286438,1326.805054,89.9610578,121.2558019,0.038942202,1.255801885,90.01019549,121.2367299,0.01019549,1.23672988,,,,,,,,,,,
100,120,1128.421021,1326.174072,100.2270099,121.1942117,0.227009891,1.19421171,100.1065908,121.1737993,0.106590847,1.173799303,,,,,,,,,,,
110,120,1240.12561,1324.391235,110.9476156,121.0201737,0.947615624,1.020173719,110.8088356,120.9960245,0.808835559,0.996024473,,,,,,,,,,,
120,120,1345.255981,1324.464844,121.1854635,121.0273552,1.18546345,1.027355206,121.1964272,121.0033633,1.196427176,1.003363261,,,,,,,,,,,
130,120,1443.511353,1320.765991,130.9455355,120.666394,0.945535531,0.666393985,131.0853066,120.6346994,1.085306593,0.634699379,,,,,,,,,,,
140,120,1544.56189,1317.539063,141.2872624,120.351691,1.28726244,0.351690966,141.3728273,120.313265,1.372827318,0.313265014,,,,,,,,,,,
150,120,1636.353271,1314.348877,151.0633522,120.0406767,1.063352224,0.040676718,150.9687285,119.9956731,0.968728523,0.004326872,,,,,,,,,,,
160,120,1729.185913,1308.03186,161.3608138,119.4251645,1.3608138,0.574835521,161.2299664,119.3673528,1.229966438,0.632647228,,,,,,,,,,,
170,120,1818.604126,1307.777344,171.4641955,119.4004041,1.464195537,0.599595881,171.6077042,119.3420533,1.607704155,0.657946719,,,,,,,,,,,
180,120,1905.557617,1302.438599,180.7609927,118.8806003,0.760992697,1.119399689,180.6383594,118.8116646,0.638359387,1.188335378,,,,,,,,,,,
0,130,127,1394.5,-0.772527828,127.9024534,0.772527828,2.09754656,-0.537569554,128.0173304,0.537569554,1.982669612,,,,,,,,,,,
10,130,217.5382233,1400.589233,8.847009795,128.5046403,1.152990205,1.495359717,8.551640659,128.6292193,1.448359341,1.370780713,,,,,,,,,,,
20,130,305.5188904,1405.466797,18.44255985,128.9876091,1.55744015,1.012390871,18.60466856,129.119493,1.395331436,0.88050698,,,,,,,,,,,
30,130,401.7017822,1410.338379,28.8961605,129.4705332,1.103839502,0.52946679,29.109212,129.6092795,0.890788,0.390720526,,,,,,,,,,,
40,130,494.3059387,1415.331909,38.73202157,129.9661205,1.267978431,0.033879545,38.69299965,130.1114345,1.307000351,0.111434519,,,,,,,,,,,
50,130,593.1254883,1417.003784,48.88706505,130.1321798,1.112934955,0.132179848,48.68279718,130.279583,1.31720282,0.279582986,,,,,,,,,,,
60,130,694.4429321,1424.78418,58.94075074,130.905914,1.059249262,0.905914023,58.82800001,131.0622342,1.171999986,1.062234234,,,,,,,,,,,
70,130,800.1147461,1425.656006,69.13058022,130.9927208,0.869419776,0.992720795,69.22530908,131.1499473,0.774690918,1.149947262,,,,,,,,,,,
80,130,907.8369141,1432.621338,79.34379037,131.6869054,0.656209629,1.686905383,79.5197871,131.8508113,0.480212896,1.85081125,,,,,,,,,,,
90,130,1016.641663,1430.273193,89.6164059,131.4527256,0.3835941,1.452725608,89.67173739,131.6145186,0.328262609,1.614518606,,,,,,,,,,,
100,130,1125.425781,1432.880493,99.9413569,131.7127637,0.058643102,1.712763668,99.82428746,131.876891,0.175712539,1.876891034,,,,,,,,,,,
110,130,1235.759277,1430.720581,110.5258512,131.4973513,0.525851213,1.497351251,110.3836814,131.6595376,0.383681353,1.659537603,,,,,,,,,,,
120,130,1337.575562,1427.518188,120.4313962,131.1782029,0.43139623,1.178202932,120.429136,131.3373073,0.429136042,1.337307283,,,,,,,,,,,
130,130,1442.19519,1422.89209,130.813173,130.7176099,0.813172953,0.717609921,130.9521485,130.8718833,0.952148474,0.871883345,,,,,,,,,,,
140,130,1539.040283,1417.584473,140.7118654,130.1898441,0.711865353,0.189844112,140.8060001,130.3379882,0.806000104,0.337988179,,,,,,,,,,,
150,130,1632.701416,1411.470581,150.6664919,129.582835,0.666491939,0.417165004,150.5785127,129.7231258,0.57851267,0.276874241,,,,,,,,,,,
160,130,1727.288208,1406.480225,161.1469205,129.087983,1.146920499,0.912016984,161.0132748,129.2213735,1.013274795,0.778626493,,,,,,,,,,,
170,130,1817.112061,1405.489502,171.2972211,128.9898567,1.297221134,1.010143282,171.4355742,129.1217755,1.435574188,0.878224479,,,,,,,,,,,
180,130,1903.512939,1398.3573,180.5581285,128.283844,0.558128456,1.716156031,180.4667395,128.404915,0.466739532,1.595084952,,,,,,,,,,,
0,140,131.5,1490,-0.306184949,137.4609973,0.306184949,2.539002711,-0.181720082,137.6314311,0.181720082,2.368568886,,,,,,,,,,,
10,140,218.3177338,1496.721802,8.93143806,138.144749,1.06856194,1.855250993,8.639868793,138.3098775,1.360131207,1.690122527,,,,,,,,,,,
20,140,309.5341187,1499.488281,18.88148912,138.4266069,1.118510879,1.573393084,19.05712666,138.5892269,0.942873343,1.410773063,,,,,,,,,,,
30,140,403.1108704,1508.198608,29.04785603,139.3160779,0.952143969,0.683922052,29.25815934,139.4693036,0.741840661,0.530696371,,,,,,,,,,,
40,140,499.0762939,1510.412842,39.23062521,139.5427359,0.769374794,0.457264143,39.17859971,139.6931705,0.821400293,0.306829533,,,,,,,,,,,
50,140,601.0858765,1516.942505,49.68939565,140.2120267,0.310604351,0.212026741,49.48333866,140.3537299,0.516661336,0.35372986,,,,,,,,,,,
60,140,698.3752441,1521.481689,59.32460702,140.6783471,0.675392978,0.67834707,59.21917326,140.8133013,0.780826738,0.813301286,,,,,,,,,,,
70,140,805.8466187,1526.175415,69.67718417,141.1614313,0.32281583,1.161431307,69.78122347,141.288879,0.218776528,1.288878964,,,,,,,,,,,
80,140,910.5,1530.5,79.59524648,141.6073793,0.404753521,1.607379255,79.77047427,141.7274085,0.229525728,1.727408492,,,,,,,,,,,
90,140,1019.001953,1530.018799,89.83958946,141.5577322,0.160410543,1.557732246,89.89091571,141.6785951,0.109084289,1.678595123,,,,,,,,,,,
100,140,1123.801758,1529.825073,99.78649345,141.5377101,0.213506547,1.537710112,99.67130903,141.6589448,0.328690969,1.658944752,,,,,,,,,,,
110,140,1229.356934,1530.651001,109.9078521,141.6229747,0.092147913,1.622974722,109.7612894,141.7427271,0.238710612,1.742727073,,,,,,,,,,,
120,140,1336.120117,1526.663696,120.288643,141.2117518,0.288642996,1.211751845,120.2838559,141.338375,0.283855907,1.338374988,,,,,,,,,,,
130,140,1433.578857,1521.952515,129.9477991,140.726795,0.052200889,0.72679496,130.080823,140.8609892,0.080822956,0.860989181,,,,,,,,,,,
140,140,1534.967896,1516.659424,140.2883074,140.1829569,0.28830739,0.182956867,140.3884395,140.3250798,0.388439543,0.325079833,,,,,,,,,,,
150,140,1629.404541,1509.085693,150.3087374,139.4068723,0.308737374,0.593127686,150.226978,139.5589835,0.226978028,0.441016481,,,,,,,,,,,
160,140,1719.671387,1503.547729,160.2895511,138.8407886,0.289551129,1.159211371,160.1463247,138.9992797,0.146324744,1.000720313,,,,,,,,,,,
170,140,1809.051636,1501.693359,170.3923048,138.6515411,0.392304777,1.348458923,170.5022897,138.8119441,0.502289674,1.188055885,,,,,,,,,,,
180,140,1898.360352,1495.514893,180.0423779,138.0218491,0.042377877,1.978150878,180.0210314,138.1880314,0.021031381,1.811968643,,,,,,,,,,,
0,150,136.5,1583.5,0.213788309,147.1409177,0.213788309,2.859082315,0.231466691,147.1421898,0.231466691,2.857810173,,,,,,,,,,,
10,150,227.8082581,1591.518311,9.960730011,147.9896445,0.039269989,2.010355512,9.718760311,147.9703798,0.281239689,2.029620169,,,,,,,,,,,
20,150,315.6056213,1598.212402,19.54502189,148.7006631,0.454978112,1.299336901,19.73911895,148.664179,0.260881055,1.335820972,,,,,,,,,,,
30,150,411.6472473,1604.388672,29.96564971,149.3585744,0.034350286,0.641425598,30.1579128,149.3063854,0.157912795,0.693614582,,,,,,,,,,,
40,150,506.4652405,1606.949341,40.00126342,149.631952,0.001263415,0.36804799,39.9297878,149.5732589,0.070212199,0.426741063,,,,,,,,,,,
50,150,605.8763428,1616.024658,50.17114155,150.6032609,0.171141553,0.603260893,49.96486774,150.5221711,0.035132257,0.522171064,,,,,,,,,,,
60,150,705.3592529,1618.116821,60.00534071,150.8277817,0.005340706,0.827781742,59.91326372,150.7416377,0.086736277,0.741637731,,,,,,,,,,,
70,150,808.8208618,1625.57312,69.96062765,151.6296339,0.039372347,1.629633877,70.06932005,151.5260844,0.069320054,1.526084423,,,,,,,,,,,
80,150,913.5942993,1625.96875,79.88739572,151.6722755,0.112604279,1.672275498,80.0615574,151.5678095,0.061557403,1.567809476,,,,,,,,,,,
90,150,1019.471863,1629.418457,89.88402231,152.0442812,0.115977687,2.044281215,89.93455227,151.9320829,0.065447729,1.932082935,,,,,,,,,,,
100,150,1124.460449,1626.10791,99.8493028,151.6872817,0.150697201,1.68728173,99.7333486,151.5824885,0.266651398,1.58248849,,,,,,,,,,,
110,150,1225.418945,1624.438477,109.5279851,151.5074327,0.472014913,1.50743273,109.3790658,151.4064776,0.620934225,1.406477619,,,,,,,,,,,
120,150,1328.288574,1623.567627,119.5210884,151.4137016,0.478911583,1.413701592,119.5028195,151.3147365,0.497180545,1.314736473,,,,,,,,,,,
130,150,1431.689453,1618.718384,129.7583258,150.8923934,0.241674161,0.892393419,129.8898506,150.8047923,0.110149425,0.804792305,,,,,,,,,,,
140,150,1526.139648,1613.433228,139.3725815,150.3254734,0.627418483,0.325473418,139.4845712,150.2507079,0.515428751,0.250707916,,,,,,,,,,,
150,150,1621.403564,1604.919312,149.4428633,149.4151724,0.557136702,0.58482758,149.3767191,149.3616585,0.623280934,0.63834152,,,,,,,,,,,
160,150,1716.294434,1598.602539,159.9100156,148.7421534,0.089984427,1.257846634,159.7634195,148.7046849,0.236580522,1.295315116,,,,,,,,,,,
170,150,1803.381958,1592.936523,169.7538836,148.1401139,0.246116363,1.85988614,169.843091,148.1171808,0.156909022,1.882819165,,,,,,,,,,,
180,150,1889.433716,1589.550049,179.1338629,147.7809648,0.866137146,2.219035166,179.2077746,147.7668044,0.792225364,2.233195603,,,,,,,,,,,
0,160,141.8135986,1673.592163,0.768385364,156.8567694,0.768385364,3.143230588,0.689552735,156.67591,0.689552735,3.32408998,,,,,,,,,,,
10,160,230.7218018,1684.083984,10.27719299,158.0122291,0.277192986,1.987770855,10.05143092,157.8263018,0.051430923,2.173698194,,,,,,,,,,,
20,160,323,1690,20.35274491,158.6655881,0.352744911,1.334411911,20.56603518,158.4791997,0.566035179,1.520800259,,,,,,,,,,,
30,160,415.0300293,1697.241699,30.3287722,159.4669451,0.328772204,0.533054894,30.51327867,159.2825578,0.513278671,0.717442193,,,,,,,,,,,
40,160,509.4199219,1700.622437,40.30885454,159.841649,0.308854544,0.158350999,40.22986436,159.6591575,0.229864358,0.340842467,,,,,,,,,,,
50,160,610.6560059,1707.366211,50.65099406,160.590097,0.650994055,0.590097011,50.44513814,160.4133083,0.445138142,0.413308305,,,,,,,,,,,
60,160,710.3215332,1714.693481,60.48823045,161.4046288,0.488230448,1.404628815,60.40589741,161.2370303,0.405897411,1.237030303,,,,,,,,,,,
70,160,811.6276245,1716.360229,70.2279934,161.5901302,0.2279934,1.590130195,70.34096411,161.4250155,0.340964111,1.425015485,,,,,,,,,,,
80,160,912.246521,1718.771118,79.76014279,161.8585304,0.239857211,1.85853038,79.93479648,161.6973203,0.065203522,1.697320334,,,,,,,,,,,
90,160,1018.608704,1720.292603,89.80240101,162.0279318,0.19759899,2.027931834,89.85439806,161.8694036,0.145601935,1.86940363,,,,,,,,,,,
100,160,1119.732788,1719.710571,99.3986382,161.9630975,0.6013618,1.963097507,99.28828677,161.8035533,0.711713228,1.803553324,,,,,,,,,,,
110,160,1222.429077,1721.018799,109.239711,162.1087571,0.760288964,2.108757059,109.0891742,161.9516013,0.910825826,1.951601308,,,,,,,,,,,
120,160,1326.805176,1716.20874,119.3758252,161.5731975,0.624174815,1.57319751,119.3550163,161.4079205,0.644983659,1.407920484,,,,,,,,,,,
130,160,1426.168579,1709.148193,129.2052882,160.7880509,0.794711785,0.788050877,129.3320198,160.6132277,0.667980175,0.613227726,,,,,,,,,,,
140,160,1522.969482,1706.318726,139.0445434,160.4737259,0.955456577,0.473725934,139.1604123,160.2959159,0.839587665,0.295915885,,,,,,,,,,,
150,160,1617.127563,1697.405884,148.9814014,159.4851558,1.018598605,0.514844181,148.9239084,159.3008245,1.076091648,0.699175541,,,,,,,,,,,
160,160,1709.487915,1693.891235,159.1461003,159.0959979,0.85389967,0.904002079,158.9944401,158.9103066,1.005559905,1.089693361,,,,,,,,,,,
170,160,1796.586914,1687.663818,168.9873915,158.4074422,1.012608498,1.592557785,169.0510394,158.2210109,0.948960584,1.778989085,,,,,,,,,,,
180,160,1883.204224,1678.245361,178.4894053,157.3686951,1.510594745,2.631304883,178.6127,157.1849385,1.387299967,2.81506148,,,,,,,,,,,
0,170,151.3725281,1765.054443,1.771016357,167.0203183,1.771016357,2.979681735,1.557827061,166.9972147,1.557827061,3.002785311,,,,,,,,,,,
10,170,240.4388123,1775.39856,11.33404562,168.1712892,1.334045616,1.828710751,11.16434836,168.1922844,1.164348358,1.807715637,,,,,,,,,,,
20,170,331.027771,1779.884033,21.22905114,168.6694125,1.229051143,1.330587549,21.45907565,168.7103085,1.459075654,1.289691542,,,,,,,,,,,
30,170,420.6492004,1785.587646,30.93120787,169.301421,0.931207875,0.698579048,31.10215729,169.3682888,1.102157289,0.631711231,,,,,,,,,,,
40,170,515.2134399,1794.914917,40.91103184,170.3317105,0.911031839,0.331710523,40.81778133,170.4410785,0.817781326,0.441078452,,,,,,,,,,,
50,170,614,1800,50.98623935,170.891124,0.986239347,0.891123953,50.78104508,171.0233799,0.781045081,1.023379949,,,,,,,,,,,
60,170,711.0904541,1805.769409,60.56299702,171.5236711,0.562997024,1.52367106,60.48219171,171.68101,0.482191709,1.681010036,,,,,,,,,,,
70,170,814,1809,70.45389785,171.8766652,0.453897847,1.87666525,70.57039289,172.0475429,0.570392892,2.047542938,,,,,,,,,,,
80,170,916.6134033,1810.471558,80.17241267,172.0371449,0.172412667,2.037144911,80.34536801,172.2140386,0.34536801,2.214038583,,,,,,,,,,,
90,170,1015.972229,1811.144897,89.55311724,172.1105322,0.446882756,2.110532178,89.60957362,172.290119,0.390426379,2.290119036,,,,,,,,,,,
100,170,1120.567749,1810.703003,99.47823232,172.0624909,0.521767677,2.062490925,99.36685338,172.2401969,0.633146615,2.240196943,,,,,,,,,,,
110,170,1219.323486,1808.855103,108.940385,171.8608759,1.059614952,1.86087587,108.7883435,172.0311326,1.211656493,2.031132639,,,,,,,,,,,
120,170,1319.192017,1808.458374,118.6309138,171.8174565,1.369086217,1.817456503,118.5971613,171.9861868,1.402838652,1.986186772,,,,,,,,,,,
130,170,1420.586426,1803.248169,128.6468642,171.2475628,1.353135801,1.247562773,128.7682951,171.3940703,1.23170488,1.394070325,,,,,,,,,,,
140,170,1515.544067,1796.437988,138.277783,170.4994182,1.72221696,0.499418244,138.401927,170.6157156,1.598073007,0.61571565,,,,,,,,,,,
150,170,1608.197754,1788.597412,148.0206994,169.6344912,1.979300592,0.365508807,147.9816727,169.7149928,2.018327349,0.28500715,,,,,,,,,,,
160,170,1699.202881,1784.829346,157.9952259,169.2174937,2.004774107,0.782506314,157.8396901,169.2808747,2.160309892,0.719125318,,,,,,,,,,,
170,170,1790.536987,1776.5177,168.3036429,168.2956201,1.696357112,1.704379859,168.3447101,168.3215632,1.655289898,1.678436762,,,,,,,,,,,
180,170,1875.809204,1771.279663,177.71464,167.7134026,2.285360013,2.286597407,177.8805461,167.7163985,2.119453861,2.283601459,,,,,,,,,,,
0,180,157.5,1854.5,2.416862934,176.7209941,2.416862934,3.279005882,2.140933257,176.9683387,2.140933257,3.031661253,,,,,,,,,,,
10,180,244.3111572,1864.400513,11.7557561,177.7309439,1.755756096,2.269056108,11.60888781,177.9421914,1.608887813,2.057808642,,,,,,,,,,,
20,180,336,1870,21.77143872,178.2927994,1.771438721,1.707200639,22.00970067,178.4701261,2.009700668,1.529873862,,,,,,,,,,,
30,180,429.829071,1875.746338,31.91331862,178.8617142,1.913318616,1.138285811,32.06055588,178.9923394,2.06055588,1.007660587,,,,,,,,,,,
40,180,524.6464844,1884.481079,41.88880906,179.7100595,1.888809064,0.289940528,41.77381152,179.7433637,1.773811522,0.256636328,,,,,,,,,,,
50,180,617.9691772,1890.614136,51.38365598,180.2929727,1.383655978,0.292972711,51.17963807,180.2360262,1.179638069,0.236026236,,,,,,,,,,,
60,180,715.0390015,1892.251343,60.94670945,180.4465446,0.94670945,0.446544582,60.87379985,180.3622494,0.873799853,0.362249355,,,,,,,,,,,
70,180,817.5889893,1896.075317,70.79550883,180.8021011,0.795508831,0.802101065,70.91717409,180.6478214,0.917174085,0.647821422,,,,,,,,,,,
80,180,917.9103394,1901.211426,80.29484269,181.2720322,0.294842689,1.272032155,80.46722715,181.0098415,0.467227148,1.009841488,,,,,,,,,,,
90,180,1018.555725,1899.39856,89.79739204,181.1073055,0.20260796,1.107305511,89.84947842,180.8849871,0.150521579,0.884987085,,,,,,,,,,,
100,180,1116.361084,1898.5896,99.07736898,181.0332928,0.922631019,1.033292754,98.97117894,180.8282295,1.028821061,0.828229545,,,,,,,,,,,
110,180,1215.637573,1900.058716,108.5852936,181.1673941,1.414706416,1.167394125,108.431671,180.9308301,1.568329009,0.930830085,,,,,,,,,,,
120,180,1317.969727,1896.726929,118.5114062,180.8622492,1.48859384,0.862249165,118.4756007,180.6951502,1.52439934,0.695150203,,,,,,,,,,,
130,180,1415.356201,1889.044067,128.1244913,180.1448651,1.875508694,0.144865139,128.2403882,180.1128327,1.759611811,0.112832714,,,,,,,,,,,
140,180,1510.757935,1886.678711,137.7847817,179.9202458,2.215218253,0.079754155,137.9135815,179.9233873,2.086418472,0.076612671,,,,,,,,,,,
150,180,1600.572876,1880.959717,147.2035818,179.3706664,2.796418178,0.629333605,147.1805548,179.4471988,2.819445155,0.552801186,,,,,,,,,,,
160,180,1695.220337,1873.571045,157.5506514,178.6473358,2.449348629,1.35266419,157.3949088,178.797116,2.605091157,1.202884049,,,,,,,,,,,
170,180,1782.281982,1866.252197,167.3694238,177.9174933,2.630576238,2.082506667,167.3803207,178.1187378,2.619679328,1.881262227,,,,,,,,,,,
180,180,1871.025513,1858.750244,177.2081303,177.1570243,2.79186969,2.842975709,177.3936368,177.3922875,2.606363178,2.607712547,,,,,,,,,,,
