x, y, x_pixel, y_pixel, x_mm, y_mm,x, y,y_fit=A*(1-exp(-k*t^n)),r,r^2,A,k,n,ssr,,,,,,,,,
0,0,173.0590057,167.707077,-0.000249274,0.106450669,0,0,3.41481666,-3.41481666,11.66097282,448.4965,0.000001,1.735,90480.31517,,,,,,,,,
10,0,260,160.5,9.184651066,-0.811186949,10,0,6.89253705,3.10746295,9.656325985,,,,,,,,,,,,,
20,0,352.6671753,154.6858063,19.01082852,-1.414561386,20,0,11.6343621,8.365637903,69.98389753,,,,,,,,,,,,,
30,0,443,148,28.52920873,-2.22938128,30,0,17.17195184,12.82804816,164.5588196,,,,,,,,,,,,,
40,0,537.8268433,143.8278809,38.58466028,-2.728849019,40,0,23.85660719,16.14339281,260.6091314,,,,,,,,,,,,,
50,0,634.4266968,136.650238,48.75637775,-3.54964554,50,0,31.49041895,18.50958105,342.6045908,,,,,,,,,,,,,
60,0,727.3474731,131.8395538,58.61894178,-4.15539617,60,0,39.53633286,20.46366714,418.7616726,,,,,,,,,,,,,
70,0,824.6954956,132.6850586,69.01968707,-4.124823198,70,0,48.62371689,21.37628311,456.9454797,,,,,,,,,,,,,
80,0,926.1448975,131.3599701,79.75021453,-4.417104778,80,0,58.72573596,21.27426404,452.5943104,,,,,,,,,,,,,
90,0,1025.111816,128.7736816,90.2786327,-4.708114667,90,0,69.12086447,20.87913553,435.9383006,,,,,,,,,,,,,
100,0,1121.150879,130.4573822,100.4968694,-4.676199662,100,0,79.64589377,20.35410623,414.2896403,,,,,,,,,,,,,
110,0,1220.470947,134.9423523,111.0431972,-4.21858113,110,0,90.91218012,19.08781988,364.3448678,,,,,,,,,,,,,
120,0,1315.511719,137.5565033,121.280303,-3.972295614,120,0,101.9922259,18.00777409,324.2799278,,,,,,,,,,,,,
130,0,1414.549805,143.3193359,131.846741,-3.513900181,130,0,113.7852184,16.21478159,262.919142,,,,,,,,,,,,,
140,0,1505.562256,149.2911682,141.5678459,-2.9417083,140,0,124.791193,15.20880701,231.3078106,,,,,,,,,,,,,
150,0,1601.280273,156.7382965,151.7248306,-2.157692118,150,0,136.4878068,13.51219316,182.5793641,,,,,,,,,,,,,
160,0,1691.5,165,161.4628352,-1.369881428,160,0,147.5813698,12.41863021,154.2223764,,,,,,,,,,,,,
170,0,1781.983398,172.3109283,171.1026547,-0.687904481,170,0,158.7328868,11.26711319,126.9478397,,,,,,,,,,,,,
180,0,1865.985107,179.8991394,180.1068897,0.106577394,180,0,169.0749315,10.92506848,119.3571214,,,,,,,,,,,,,
0,10,165.4116669,251.3286438,-0.864893768,8.947005785,0,10,3.158186063,-3.158186063,9.974139206,,,,,,,,,,,,,
10,10,253.7127838,247.7069397,8.528605236,8.564246771,10,10,6.608057535,3.391942465,11.50527368,,,,,,,,,,,,,
20,10,345.7037659,239.2143402,18.24893612,7.539829779,20,10,11.24369682,8.756303177,76.67284533,,,,,,,,,,,,,
30,10,434.9555664,233.2060242,27.66002682,6.836380611,30,10,16.6446509,13.3553491,178.3653495,,,,,,,,,,,,,
40,10,529.3338623,230.8061523,37.60763099,6.555188774,40,10,23.2239117,16.7760883,281.4371388,,,,,,,,,,,,,
50,10,625.2648926,222.4900513,47.77835921,5.525540766,50,10,30.73314446,19.26685554,371.2117225,,a0,a1,a2,a3,a4,a5,a6,a7,a8,a9,a10,a11
60,10,724.5,220.5,58.27496466,5.239822079,60,10,39.28027927,20.71972073,429.3068271,x,-1.56886E-25,1.43764E-21,-5.60114E-18,1.21003E-14,-1.58555E-11,1.29586E-08,-6.53472E-06,0.001919707,-0.181896763,2.090817372,,
70,10,824.6380615,219.2394562,68.99385148,5.059142536,70,10,48.61817243,21.38182757,457.18255,y,-2.08196E-25,1.91136E-21,-7.46785E-18,1.61952E-14,-2.13239E-11,1.75257E-08,-8.89544E-06,0.002638562,-0.293480449,7.856661846,,
80,10,921.9754028,217.5832977,79.29826172,4.881218617,80,10,58.29894086,21.70105914,470.935968,,,,,,,,,,,,,
90,10,1024.744507,217.1616974,90.25080414,4.698714895,90,10,69.08139299,20.91860701,437.5881194,,,,,,,,,,,,,
100,10,1124.616821,216.431839,100.8949734,4.518234989,100,10,80.03291915,19.96708085,398.6843176,,,,,,,,,,,,,
110,10,1223.616577,222.2045593,111.4407059,5.087268501,110,10,91.27456841,18.72543159,350.6417883,,,,,,,,,,,,,
120,10,1321.915283,223.5701447,121.8912796,5.229407287,120,10,102.7477815,17.25221848,297.6390424,,,,,,,,,,,,,
130,10,1419.582886,231.7072906,132.3498177,6.014253028,130,10,114.3901173,15.60988273,243.6684389,,,,,,,,,,,,,
140,10,1515.036499,235.0117645,142.4994027,6.266307034,140,10,125.9441959,14.05580406,197.5656277,,,,,,,,,,,,,
150,10,1605.081055,241.3374634,152.1223759,6.84380984,150,10,136.9541186,13.04588137,170.1950207,,,,,,,,,,,,,
160,10,1699.284424,249.5266724,162.181049,7.740641877,160,10,148.5403079,11.45969211,131.3245432,,,,,,,,,,,,,
170,10,1786.202637,257.1196289,171.4993625,8.42875384,170,10,159.252858,10.74714203,115.5010617,,,,,,,,,,,,,
180,10,1875.715698,266.1031189,181.1466366,9.329961436,180,10,170.2708901,9.729109868,94.65557882,,,,,,,,,,,,,
0,20,153.2637787,339.083374,-2.152498884,18.32054383,0,20,2.767916901,-2.767916901,7.661363971,,,,,,,,,,,,,
10,20,243.2884369,336.2866821,7.344847598,17.9412666,10,20,6.147327244,3.852672756,14.84308737,,,,,,,,,,,,,
20,20,337.8198547,328.6697083,17.37995249,17.13226032,20,20,10.80790904,9.192090961,84.49453623,,,,,,,,,,,,,
30,20,431.6532288,320.8202515,27.31900528,16.21660699,30,20,16.43006246,13.56993754,184.1432049,,,,,,,,,,,,,
40,20,526.125061,318.1811218,37.26594485,15.83315958,40,20,22.98655414,17.01344586,289.4573401,,,,,,,,,,,,,
50,20,621.5,312.5,47.43486254,15.12800789,50,20,30.42391022,19.57608978,383.2232912,,,,,,,,,,,,,
60,20,721.4822998,309.1158447,57.93074964,14.74027339,60,20,39.00955031,20.99044969,440.5989781,,,,,,,,,,,,,
70,20,818.7992554,307.2806396,68.33041508,14.45961419,70,20,48.05560051,21.94439949,481.556669,,,,,,,,,,,,,
80,20,922.5317383,304.7411804,79.37773444,14.17455571,80,20,58.35583324,21.64416676,468.4699549,,,,,,,,,,,,,
90,20,1024.583618,302.4067993,90.22392768,13.78370928,90,20,69.0641057,20.9358943,438.3116702,,,,,,,,,,,,,
100,20,1126.023071,307.1125183,100.9719622,14.24859068,100,20,80.19008269,19.80991731,392.4328236,,,,,,,,,,,,,
110,20,1226.791992,306.528595,111.7322534,14.17902675,110,20,91.64070965,18.35929035,337.063542,,,,,,,,,,,,,
120,20,1325,311.5,122.1814518,14.64662472,120,20,103.1121185,16.88788146,285.2005402,,,,,,,,,,,,,
130,20,1424.373047,315.7806396,132.7477964,15.00690169,130,20,114.9662677,15.03373234,226.013108,,,,,,,,,,,,,
140,20,1517.86731,321.841217,142.7891807,15.58521358,140,20,126.2889325,13.71106754,187.9933732,,,,,,,,,,,,,
150,20,1613.986206,329.8313599,153.0530382,16.37705829,150,20,138.0471167,11.95288326,142.8714183,,,,,,,,,,,,,
160,20,1704.135132,336.1231079,162.6846707,16.95924246,160,20,149.137935,10.86206505,117.9844571,,,,,,,,,,,,,
170,20,1796.879272,344.2232666,172.6455681,17.75446764,170,20,160.5684756,9.43152438,88.95365214,,,,,,,,,,,,,
180,20,1883.83252,354.9226379,181.970641,18.87639394,180,20,171.2680636,8.731936359,76.24671257,,,,,,,,,,,,,
0,30,146.7878418,431.8293762,-2.808293895,28.22004947,0,30,2.568737227,-2.568737227,6.598410942,,,,,,,,,,,,,
10,30,235.9230042,422.7972412,6.583815461,27.20714733,10,30,5.830118073,4.169881927,17.38791529,,,,,,,,,,,,,
20,30,329,418,16.40576488,26.61681475,20,30,10.32867182,9.671328181,93.53458878,,,,,,,,,,,,,
30,30,423.9498596,414.058197,26.44795162,26.13122706,30,30,15.93376504,14.06623496,197.8589659,,,,,,,,,,,,,
40,30,516.3057861,409.2060242,36.18229256,25.54048377,40,30,22.26600683,17.73399317,314.4945137,,,,,,,,,,,,,
50,30,617.3994751,403.5742798,46.87895808,24.94349567,50,30,30.08841283,19.91158717,396.4713035,,,,,,,,,,,,,
60,30,714.3413696,400.3471069,57.16180747,24.45515901,60,30,38.3715155,21.6284845,467.7913417,,,,,,,,,,,,,
70,30,818.5740356,397.0354919,68.3034274,24.06799031,70,30,48.03394354,21.96605646,482.5076362,,,,,,,,,,,,,
80,30,918.329895,395.6611938,78.81838486,23.89787891,80,30,57.92656101,22.07343899,487.2367088,,,,,,,,,,,,,
90,30,1021.367126,391.61026,89.76999303,23.4044582,90,30,68.71875148,21.28124852,452.8915384,,,,,,,,,,,,,
100,30,1127.410522,395.7107544,101.04959,23.76391944,100,30,80.34522093,19.65477907,386.3103404,,,,,,,,,,,,,
110,30,1226.057007,396.1231689,111.596106,23.70036888,110,30,91.55593354,18.44406646,340.1835875,,,,,,,,,,,,,
120,30,1329,401.5,122.5776041,24.27630757,120,30,103.5849157,16.41508432,269.4549933,,,,,,,,,,,,,
130,30,1428.5,407,133.1433046,24.74830256,130,30,115.4629928,14.53700719,211.3245781,,,,,,,,,,,,,
140,30,1524.254639,414.0435791,143.3978291,25.43690343,140,30,127.0671611,12.9328389,167.2583221,,,,,,,,,,,,,
150,30,1618.510498,418.2402344,153.5560427,25.80526929,150,30,138.6026441,11.39735588,129.8997211,,,,,,,,,,,,,
160,30,1713.862427,425.6400757,163.7222236,26.60285686,160,30,150.3365437,9.663456337,93.38238837,,,,,,,,,,,,,
170,30,1800.592773,432.8688354,173.0406774,27.29892427,170,30,161.0260089,8.973991069,80.5325157,,,,,,,,,,,,,
180,30,1888.786621,442.9126587,182.4731533,28.31688759,180,30,171.8764797,8.123520295,65.99158199,,,,,,,,,,,,,
0,40,142.9230042,523.4522705,-3.252577525,37.90373944,0,40,2.452849829,-2.452849829,6.016472286,,,,,,,,,,,,,
10,40,232.4753723,515.0059204,6.138276398,37.00163124,10,40,5.684030575,4.315969425,18.62759207,,,,,,,,,,,,,
20,40,321.3786316,508.566864,15.53689887,36.31167687,20,40,9.92167336,10.07832664,101.5726679,,,,,,,,,,,,,
30,40,416,505,25.57762039,35.83067811,30,40,15.4279057,14.5720943,212.3459322,,,,,,,,,,,,,
40,40,513.8374634,501.338501,35.9452364,35.34748021,40,40,22.08626046,17.91373954,320.9020642,,,,,,,,,,,,,
50,40,609.3377686,497.2987976,46.00507506,34.86557195,50,40,29.43280929,20.56719071,423.0093338,,,,,,,,,,,,,
60,40,712.2045898,492.4019165,56.92290685,34.27182459,60,40,38.18131173,21.81868827,476.0551578,,,,,,,,,,,,,
70,40,815.2689819,486.5129395,67.85185201,33.67747285,70,40,47.71650148,22.28349852,496.5543063,,,,,,,,,,,,,
80,40,918.803894,487.1505127,78.896643,33.61587831,80,40,57.9749376,22.0250624,485.1033736,,,,,,,,,,,,,
90,40,1024.094482,484.4496155,90.06002716,33.2330882,90,40,69.01155609,20.98844391,440.5147778,,,,,,,,,,,,,
100,40,1128.419312,488.8435669,101.1259115,33.7057081,100,40,80.45806603,19.54193397,381.8871835,,,,,,,,,,,,,
110,40,1229.292725,491.7368469,111.8839568,33.9666737,110,40,91.92928258,18.07071742,326.5508279,,,,,,,,,,,,,
120,40,1333,494.5,122.9730388,34.11911757,120,40,104.0581105,15.94188947,254.14384,,,,,,,,,,,,,
130,40,1434.155029,498.0156555,133.7523587,34.48761038,130,40,116.1441477,13.8558523,191.9846429,,,,,,,,,,,,,
140,40,1530.5,505.5,144.0064315,35.28784856,140,40,127.8285879,12.1714121,148.1432725,,,,,,,,,,,,,
150,40,1626.934082,511.2859192,154.3781671,35.76677211,150,40,139.63734,10.36266002,107.3847227,,,,,,,,,,,,,
160,40,1720.044556,521.385437,164.3295071,36.78451803,160,40,151.0984102,8.901589843,79.23830173,,,,,,,,,,,,,
170,40,1810.38562,524.5181885,173.9705354,37.16138067,170,40,162.2323941,7.767605923,60.33570177,,,,,,,,,,,,,
180,40,1896.5,533,183.1894063,37.9700768,180,40,172.8234336,7.17656643,51.50310572,,,,,,,,,,,,,
0,50,136,616,-4.013578684,47.80005971,0,50,2.250903958,-2.250903958,5.066568627,,,,,,,,,,,,,
10,50,226.5643768,612.3800049,5.586020639,47.32699932,10,50,5.437141671,4.562858329,20.81967613,,,,,,,,,,,,,
20,50,318.1638489,604.9492798,15.19500675,46.53414005,20,50,9.751991503,10.2480085,105.0216781,,,,,,,,,,,,,
30,50,408.7673035,599.5317383,24.81211755,45.95358003,30,50,14.97330539,15.02669461,225.8015509,,,,,,,,,,,,,
40,50,506,596,35.07247458,45.47585398,40,50,21.51923364,18.48076636,341.5387252,,,,,,,,,,,,,
50,50,606.1160889,592.5532837,45.66011853,45.10267431,50,50,29.17230045,20.82769955,433.7930685,,,,,,,,,,,,,
60,50,707.7284546,585.4130859,56.47169637,44.19472754,60,50,37.78394621,22.21605379,493.5530458,,,,,,,,,,,,,
70,50,808.760376,582.2460327,67.1865919,43.82000171,70,50,47.0933981,22.9066019,524.7124108,,,,,,,,,,,,,
80,50,913.4324341,583.0403442,78.22964531,43.87036336,80,50,57.4274487,22.5725513,509.520072,,,,,,,,,,,,,
90,50,1019.996338,579.7458496,89.60427513,43.4918324,90,50,68.57171743,21.42828257,459.1712938,,,,,,,,,,,,,
100,50,1126.519409,583.7791748,100.9886452,43.86110222,100,50,80.24557223,19.75442777,390.2374166,,,,,,,,,,,,,
110,50,1231.267822,584.2115479,112.0665325,43.80462366,110,50,92.15733964,17.84266036,318.3605286,,,,,,,,,,,,,
120,50,1337.520264,589.0505981,123.4740972,44.28143482,120,50,104.5933252,15.40667476,237.3656273,,,,,,,,,,,,,
130,50,1437.5,595.5,134.1453444,44.97661335,130,50,116.547326,13.452674,180.9744377,,,,,,,,,,,,,
140,50,1537.062134,600.3660278,144.7211665,45.35170902,140,50,128.629147,11.370853,129.296298,,,,,,,,,,,,,
150,50,1632.341064,609.043457,154.8774405,46.26504679,150,50,140.3017471,9.698252942,94.05611012,,,,,,,,,,,,,
160,50,1723.5,613.5,164.7233064,46.75203219,160,50,151.5242758,8.475724249,71.83790155,,,,,,,,,,,,,
170,50,1812.790405,618.317627,174.2568585,47.13379806,170,50,162.5285985,7.471401489,55.82184021,,,,,,,,,,,,,
180,50,1901.621826,625.40979,183.7975655,47.8377604,180,50,173.451997,6.54800298,42.87634302,,,,,,,,,,,,,
0,60,131.5397491,711.5161133,-4.458905149,58.01198338,0,60,2.12467367,-2.12467367,4.514238205,,,,,,,,,,,,,
10,60,220,707,4.823350325,57.43856868,10,60,5.168303256,4.831696744,23.34529342,,,,,,,,,,,,,
20,60,312.8147278,704.0003662,14.64117412,57.07515269,20,60,9.472296521,10.52770348,110.8325405,,,,,,,,,,,,,
30,60,406.8563232,696.7235107,24.5747544,56.28496489,30,60,14.85409459,15.14590541,229.3984506,,,,,,,,,,,,,
40,60,499.5446777,692.3006592,34.41123004,55.70760582,40,60,21.05646408,18.94353592,358.857553,,,,,,,,,,,,,
50,60,598.0370483,690.8228149,44.78512166,55.5536523,50,60,28.52278616,21.47721384,461.2707143,,,,,,,,,,,,,
60,60,701.5,685,55.80650296,54.86340909,60,60,37.23345213,22.76654787,518.315702,,,,,,,,,,,,,
70,60,807.7086182,680.2965698,67.05117082,54.27817596,70,60,46.9929619,23.0070381,529.3238021,,,,,,,,,,,,,
80,60,914.4737549,680.885376,78.30577651,54.33288226,80,60,57.53346135,22.46653865,504.745359,,,,,,,,,,,,,
90,60,1021,679,89.67937294,54.06671114,90,60,68.67936398,21.32063602,454.5695205,,,,,,,,,,,,,
100,60,1131.598999,682.6278687,101.4888511,54.43952089,100,60,80.81401046,19.18598954,368.1021945,,,,,,,,,,,,,
110,60,1237.855347,682.7570801,112.7796069,54.3874701,110,60,92.91886185,17.08113815,291.7652804,,,,,,,,,,,,,
120,60,1341.978882,689.9607544,123.8663821,55.08522476,120,60,105.1217272,14.87827281,221.3630018,,,,,,,,,,,,,
130,60,1442.966064,691.8164063,134.6457736,55.2499699,130,60,117.2065944,12.79340564,163.6712279,,,,,,,,,,,,,
140,60,1541.963989,700.4387207,145.2199268,56.05836867,140,60,129.2274899,10.77251012,116.0469742,,,,,,,,,,,,,
150,60,1636.459595,703.5442505,155.2707719,56.44140949,150,60,140.8079545,9.192045521,84.49370086,,,,,,,,,,,,,
160,60,1729.755615,711.8280029,165.3293795,57.25353599,160,60,152.2952892,7.70471075,59.36256775,,,,,,,,,,,,,
170,60,1817.932007,716.0614624,174.7556128,57.64033876,170,60,163.1618434,6.83815658,46.76038542,,,,,,,,,,,,,
180,60,1903.068359,719.4871826,183.8685458,57.92162653,180,60,173.6294847,6.370515253,40.58346459,,,,,,,,,,,,,
0,70,127.5,807.5,-4.904152062,68.22208281,0,70,2.012995366,-2.012995366,4.052150343,,,,,,,,,,,,,
10,70,214.01651,803.0487061,4.166082827,67.65399828,10,70,4.928196517,5.071803483,25.72319057,,,,,,,,,,,,,
20,70,306.5,801,13.87677927,67.40213661,20,70,9.14638471,10.85361529,117.8009649,,,,,,,,,,,,,
30,70,397.9890747,796.0664673,23.59704963,66.83063619,30,70,14.30590047,15.69409953,246.30476,,,,,,,,,,,,,
40,70,493.8786011,795.6482544,33.7479238,66.7894968,40,70,20.65347062,19.34652938,374.288199,,,,,,,,,,,,,
50,70,593.1905518,788.5302124,44.22798717,66.0010206,50,70,28.1357528,21.8642472,478.0453055,,,,,,,,,,,,,
60,70,695.322876,788.6075439,55.03428807,65.9568519,60,70,36.69030977,23.30969023,543.3416586,,,,,,,,,,,,,
70,70,802.5533447,783.5574951,66.48953046,65.37661829,70,70,46.50169457,23.49830543,552.1703579,,,,,,,,,,,,,
80,70,910.5,781.5,77.84985563,65.11642693,80,70,57.12923262,22.87076738,523.0720007,,,,,,,,,,,,,
90,70,1019.695618,778.6074829,89.54146996,64.74784487,90,70,68.53947327,21.46052673,460.5542074,,,,,,,,,,,,,
100,70,1131.5,782.5,101.4567299,65.01912347,100,70,80.80292229,19.19707771,368.5277926,,,,,,,,,,,,,
110,70,1239,785.5,112.8518852,65.39980058,110,70,93.05132251,16.94867749,287.2576686,,,,,,,,,,,,,
120,70,1345.414551,788.1473999,124.1529723,65.56737588,120,70,105.5292226,14.47077737,209.4033978,,,,,,,,,,,,,
130,70,1446,794,134.9304946,66.16538741,130,70,117.5727473,12.42725268,154.4366091,,,,,,,,,,,,,
140,70,1545.759033,797.390564,145.6128242,66.44320262,140,70,129.6909206,10.30907944,106.277119,,,,,,,,,,,,,
150,70,1639.5,803.5,155.6622394,67.15236442,150,70,141.1817165,8.818283526,77.76212435,,,,,,,,,,,,,
160,70,1732.3396,807.1126099,165.5081846,67.43435277,160,70,152.6137821,7.386217881,54.55621458,,,,,,,,,,,,,
170,70,1818.616455,811.5502319,174.8263787,67.93315938,170,70,163.2461342,6.753865794,45.61470316,,,,,,,,,,,,,
180,70,1906.33667,818.4630127,184.1521134,68.53964978,180,70,174.0304451,5.969554915,35.63558589,,,,,,,,,,,,,
0,80,125.4440308,906.4205933,-5.244412209,78.64261068,0,80,1.957133729,-1.957133729,3.830372433,,,,,,,,,,,,,
10,80,210.2844391,904.5390625,3.718404865,78.50479247,10,80,4.780841728,5.219158272,27.23961307,,,,,,,,,,,,,
20,80,303.9008179,902.3942261,13.63941201,78.15070431,20,80,9.013589514,10.98641049,120.7012154,,,,,,,,,,,,,
30,80,395.5,898,23.35849871,77.69058435,30,80,14.15349539,15.84650461,251.1117084,,,,,,,,,,,,,
40,80,493.0118713,897.2930298,33.61446003,77.54767352,40,80,20.59209026,19.40790974,376.6669603,,,,,,,,,,,,,
50,80,589.4256592,895.2172241,43.77458606,77.29844869,50,80,27.83644929,22.16355071,491.22298,,,,,,,,,,,,,
60,80,691.2738647,889.4301758,54.58135101,76.6202801,60,80,36.33581943,23.66418057,559.9934419,,,,,,,,,,,,,
70,80,796.918335,889.9902954,65.82131114,76.68654441,70,80,45.96667585,24.03332415,577.6006698,,,,,,,,,,,,,
80,80,906.3023071,884.817749,77.39340684,76.11140431,80,80,56.70317833,23.29682167,542.7419,,,,,,,,,,,,,
90,80,1020,885.5,89.50770788,76.17440451,90,80,68.57211012,21.42788988,459.1544646,,,,,,,,,,,,,
100,80,1131.458862,885.5714722,101.3165469,76.13178599,100,80,80.79831486,19.20168514,368.7047121,,,,,,,,,,,,,
110,80,1243.664063,888.9202271,113.3503928,76.40904978,110,80,93.59147188,16.40852812,269.239795,,,,,,,,,,,,,
120,80,1345.594238,892.0773926,124.2241412,76.69082068,120,80,105.5505426,14.44945738,208.7868185,,,,,,,,,,,,,
130,80,1447.084106,898.6542969,135.0005823,77.40127238,130,80,117.7036223,12.29637765,151.2009033,,,,,,,,,,,,,
140,80,1545.330322,899.6312866,145.4691367,77.4712166,140,80,129.6385604,10.36143955,107.3594297,,,,,,,,,,,,,
150,80,1642.784668,902.8208008,155.9470497,77.75544263,150,80,141.5855677,8.414432333,70.80267149,,,,,,,,,,,,,
160,80,1732.459961,906.055603,165.4713293,78.0433249,160,80,152.6286176,7.371382403,54.33727854,,,,,,,,,,,,,
170,80,1824.260498,909.5025024,175.32505,78.43753623,170,80,163.9411441,6.058855857,36.7097343,,,,,,,,,,,,,
180,80,1907.861572,912.1210327,184.330321,78.62059038,180,80,174.2174945,5.78250545,33.43736928,,,,,,,,,,,,,
0,90,123.5897369,1001.716614,-5.373346698,88.84811895,0,90,1.907319435,-1.907319435,3.637867425,,,,,,,,,,,,,
10,90,211.3449097,1004.061768,3.798948354,89.03294202,10,90,4.822523818,5.177476182,26.80625961,,,,,,,,,,,,,
20,90,302.0885315,1001.016663,13.40260231,88.68470528,20,90,8.921466444,11.07853356,122.7339058,,,,,,,,,,,,,
30,90,393,1001.5,23.01378761,88.76190251,30,90,14.00107588,15.99892412,255.9655731,,,,,,,,,,,,,
40,90,490.0319214,998.3762817,33.26947908,88.30480964,40,90,20.38159327,19.61840673,384.8818824,,,,,,,,,,,,,
50,90,589.1624146,1001.45105,43.74474599,88.59240158,50,90,27.81556618,22.18443382,492.1491037,,,,,,,,,,,,,
60,90,691.1031494,996.7446289,54.55008221,88.13316586,60,90,36.32090009,23.67909991,560.6997728,,,,,,,,,,,,,
70,90,794.5690918,995.2603149,65.57786289,87.88610879,70,90,45.7442354,24.2557646,588.3421165,,,,,,,,,,,,,
80,90,906,996,77.35938859,87.95662399,80,90,56.67253299,23.32746701,544.1707169,,,,,,,,,,,,,
90,90,1019.5,995.5,89.47300471,87.91947464,90,90,68.51850082,21.48149918,461.4548071,,,,,,,,,,,,,
100,90,1135.111816,995.0508423,101.7069501,87.77513206,100,90,81.20770053,18.79229947,353.1505195,,,,,,,,,,,,,
110,90,1241.542236,997.548645,113.100964,88.06077405,110,90,93.34565815,16.65434185,277.3671023,,,,,,,,,,,,,
120,90,1349.764282,999.4743652,124.614264,88.13251591,120,90,106.0455347,13.95446528,194.7271012,,,,,,,,,,,,,
130,90,1452.127075,1004.798279,135.4973858,88.74123983,130,90,118.3126828,11.68731722,136.5933838,,,,,,,,,,,,,
140,90,1547.317017,1006.328491,145.6450083,88.81760916,140,90,129.8812205,10.11877952,102.389699,,,,,,,,,,,,,
150,90,1641.252686,1005.347656,155.6958693,88.68019239,150,90,141.397202,8.602798003,74.00813348,,,,,,,,,,,,,
160,90,1736.340942,1006.395508,165.862378,88.7566043,160,90,153.1069858,6.893014187,47.51364458,,,,,,,,,,,,,
170,90,1822.636353,1008.689392,175.1803068,89.05004162,170,90,163.7411577,6.258842253,39.17310635,,,,,,,,,,,,,
180,90,1909.224365,1012.674316,184.3985495,89.45128023,180,90,174.3846442,5.615355794,31.53222069,,,,,,,,,,,,,
0,100,120,1102,-5.819379984,99.47802994,0,100,1.812422828,-1.812422828,3.284876506,,,,,,,,,,,,,
10,100,209.7933655,1100.757813,3.669041764,99.34756421,10,100,4.76159085,5.23840915,27.44093042,,,,,,,,,,,,,
20,100,300.6470947,1104.790771,13.27010084,99.74857698,20,100,8.848470241,11.15152976,124.356616,,,,,,,,,,,,,
30,100,394.4688721,1102.755249,23.09256987,99.51089107,30,100,14.09055019,15.90944981,253.1105931,,,,,,,,,,,,,
40,100,486.8375549,1103.487549,32.92346519,99.48592726,40,100,20.15687873,19.84312127,393.7494617,,,,,,,,,,,,,
50,100,585.746521,1107.718506,43.39704776,99.9919315,50,100,27.54511298,22.45488702,504.221951,,,,,,,,,,,,,
60,100,690.4100952,1108.145264,54.41198263,99.96423248,60,100,36.26035418,23.73964582,563.5707836,,,,,,,,,,,,,
70,100,796.078186,1105.765503,65.65089855,99.7227113,70,100,45.88708418,24.11291582,581.4327093,,,,,,,,,,,,,
80,100,906.1182251,1110.358765,77.32445665,100.1199884,80,100,56.68451704,23.31548296,543.6117455,,,,,,,,,,,,,
90,100,1017.216492,1111.575317,89.11748913,100.303938,90,100,68.27381588,21.72618412,472.0270763,,,,,,,,,,,,,
100,100,1132.323486,1107.778564,101.3509899,99.84619598,100,100,80.89516662,19.10483338,364.9946585,,,,,,,,,,,,,
110,100,1241.75061,1111.166626,113.0633309,100.1373315,110,100,93.36979217,16.63020783,276.5638124,,,,,,,,,,,,,
120,100,1347.667114,1107.826172,124.3637172,99.78832638,120,100,105.7965456,14.20345443,201.7381177,,,,,,,,,,,,,
130,100,1451.801147,1107.25293,135.4617102,99.65344504,130,100,118.273306,11.72669399,137.5153518,,,,,,,,,,,,,
140,100,1549.840332,1111.023193,145.9280785,100.0551732,140,100,130.1894884,9.810511562,96.24613711,,,,,,,,,,,,,
150,100,1640.765015,1110.89624,155.6571931,100.0308515,150,100,141.337243,8.662756959,75.04335814,,,,,,,,,,,,,
160,100,1733.560181,1107.236938,165.6106355,99.5774816,160,100,152.7642289,7.235771072,52.35638301,,,,,,,,,,,,,
170,100,1823.571289,1110.45166,175.2491339,99.87470461,170,100,163.8562807,6.143719263,37.74528638,,,,,,,,,,,,,
180,100,1909.749268,1107.339111,184.4694737,99.52996474,180,100,174.4490209,5.550979117,30.81336915,,,,,,,,,,,,,
0,110,119.8720474,1201.727783,-5.8438594,110.1051163,0,110,1.809077963,-1.809077963,3.272763075,,,,,,,,,,,,,
10,110,209.48172,1202.097656,3.538147952,110.08587,10,110,4.749390574,5.250609426,27.56889935,,,,,,,,,,,,,
20,110,298.9616394,1205.758545,13.03284234,110.491814,20,110,8.763427032,11.23657297,126.2605721,,,,,,,,,,,,,
30,110,395.3572693,1207.9104,23.17027649,110.6840275,30,110,14.14477574,15.85522426,251.3881364,,,,,,,,,,,,,
40,110,486.8746033,1210.527222,32.89393484,110.9837251,40,110,20.15947946,19.84052054,393.6462554,,,,,,,,,,,,,
50,110,589.9762573,1213.673462,43.79065244,111.2813717,50,110,27.88014687,22.11985313,489.2879027,,,,,,,,,,,,,
60,110,688.7446289,1216.523071,54.27448524,111.5801556,60,110,36.11500371,23.88499629,570.4930476,,,,,,,,,,,,,
70,110,794.2670898,1215.230713,65.40631447,111.3449193,70,110,45.71566615,24.28433385,589.7288703,,,,,,,,,,,,,
80,110,903.8464355,1221.728271,77.07778027,112.0684055,80,110,56.45437113,23.54562887,554.3966387,,,,,,,,,,,,,
90,110,1019,1221.5,89.29542208,112.0445464,90,110,68.46490327,21.53509673,463.760391,,,,,,,,,,,,,
100,110,1133.63855,1219.214478,101.5278371,111.7002915,100,110,81.04253009,18.95746991,359.3856654,,,,,,,,,,,,,
110,110,1243.123901,1220.83728,113.1332368,111.8911488,110,110,93.52888105,16.47111895,271.2977593,,,,,,,,,,,,,
120,110,1348.55481,1215.51709,124.4334896,111.3345148,120,110,105.9019258,14.09807423,198.7556969,,,,,,,,,,,,,
130,110,1447.544922,1213.432983,134.9976324,110.9927078,130,110,117.7592589,12.24074114,149.8357437,,,,,,,,,,,,,
140,110,1545.611328,1214.89502,145.4634749,111.1858184,140,110,129.6728805,10.32711947,106.6493965,,,,,,,,,,,,,
150,110,1641.499512,1211.57959,155.6203468,110.8444635,150,110,141.4275497,8.572450287,73.48690393,,,,,,,,,,,,,
160,110,1734.926392,1207.702393,165.6800881,110.3958958,160,110,152.9326274,7.067372603,49.94775551,,,,,,,,,,,,,
170,110,1824.461182,1209.578003,175.2111841,110.5909331,170,110,163.9658543,6.034145692,36.41091423,,,,,,,,,,,,,
180,110,1908.232056,1208.467041,184.2159731,110.3584192,180,110,174.2629366,5.737063417,32.91389666,,,,,,,,,,,,,
0,120,123,1298,-5.551264152,120.3051677,0,120,1.891589817,-1.891589817,3.578112037,,,,,,,,,,,,,
10,120,210.5952301,1302.410767,3.723889446,120.7157079,10,120,4.793041895,5.206958105,27.11241271,,,,,,,,,,,,,
20,120,304.8461609,1305.775879,13.64026983,121.1256245,20,120,9.06179662,10.93820338,119.6442932,,,,,,,,,,,,,
30,120,397.8685913,1306.760254,23.46086469,121.2169025,30,120,14.29850837,15.70149163,246.5368393,,,,,,,,,,,,,
40,120,490.4473877,1310.319946,33.1840955,121.5213034,40,120,20.4108908,19.5891092,383.7331991,,,,,,,,,,,,,
50,120,589.373291,1317.681152,43.65553475,122.3573112,50,120,27.83229448,22.16770552,491.4071681,,,,,,,,,,,,,
60,120,693.9675903,1321.991455,54.77387374,122.7670319,60,120,36.57151929,23.42848071,548.8937086,,,,,,,,,,,,,
70,120,800.1134644,1322.401489,66.01084978,122.7506249,70,120,46.26978622,23.73021378,563.1230462,,,,,,,,,,,,,
80,120,905.6037598,1325.471436,77.25859206,123.0541632,80,120,56.63237327,23.36762673,546.045979,,,,,,,,,,,,,
90,120,1020.286438,1326.805054,89.36861329,123.2500864,90,120,68.6028269,21.3971731,457.8390167,,,,,,,,,,,,,
100,120,1128.421021,1326.174072,100.8546764,123.1268293,100,120,80.45825723,19.54174277,381.8797105,,,,,,,,,,,,,
110,120,1240.12561,1324.391235,112.7793623,122.8959964,110,120,93.18161907,16.81838093,282.8579371,,,,,,,,,,,,,
120,120,1345.255981,1324.464844,123.9700726,122.8797673,120,120,105.5104089,14.48959105,209.9482488,,,,,,,,,,,,,
130,120,1443.511353,1320.765991,134.5329467,122.5436406,130,120,117.2723911,12.72760894,161.9920294,,,,,,,,,,,,,
140,120,1544.56189,1317.539063,145.3198433,122.2068689,140,120,129.544714,10.45528597,109.3130048,,,,,,,,,,,,,
150,120,1636.353271,1314.348877,155.0484294,121.7643202,150,120,140.794885,9.205115,84.73414216,,,,,,,,,,,,,
160,120,1729.185913,1308.03186,165.0006103,121.1068696,160,120,152.2250707,7.774929301,60.44952563,,,,,,,,,,,,,
170,120,1818.604126,1307.777344,174.6383199,121.0921329,170,120,163.2446159,6.755384126,45.63521469,,,,,,,,,,,,,
180,120,1905.557617,1302.438599,183.9652171,120.434778,180,120,173.9348772,6.065122817,36.78571479,,,,,,,,,,,,,
0,130,127,1394.5,-5.153339402,130.503979,0,130,1.999349379,-1.999349379,3.997397938,,,,,,,,,,,,,
10,130,217.5382233,1400.589233,4.437123939,131.2373634,10,130,5.068943292,4.931056708,24.31532025,,,,,,,,,,,,,
20,130,305.5188904,1405.466797,13.72016162,131.6527365,20,130,9.096165758,10.90383424,118.8936012,,,,,,,,,,,,,
30,130,401.7017822,1410.338379,23.85599736,132.173971,30,130,14.53443232,15.46556768,239.1837837,,,,,,,,,,,,,
40,130,494.3059387,1415.331909,33.57831908,132.6961152,40,130,20.68375988,19.31624012,373.1171324,,,,,,,,,,,,,
50,130,593.1254883,1417.003784,44.05104156,132.8985746,50,130,28.13057027,21.86942973,478.2719566,,,,,,,,,,,,,
60,130,694.4429321,1424.78418,54.74404698,133.7401897,60,130,36.61316739,23.38683261,546.9439394,,,,,,,,,,,,,
70,130,800.1147461,1425.656006,65.97986611,133.8360688,70,130,46.26990794,23.73009206,563.117269,,,,,,,,,,,,,
80,130,907.8369141,1432.621338,77.43784819,134.5716787,80,130,56.85882263,23.14117737,535.51409,,,,,,,,,,,,,
90,130,1016.641663,1430.273193,89.01728918,134.241019,90,130,68.21225993,21.78774007,474.7056173,,,,,,,,,,,,,
100,130,1125.425781,1432.880493,100.5008386,134.5506174,100,130,80.12331967,19.87668033,395.0824208,,,,,,,,,,,,,
110,130,1235.759277,1430.720581,112.3177107,134.3262066,110,130,92.67640773,17.32359227,300.1068493,,,,,,,,,,,,,
120,130,1337.575562,1427.518188,123.1882525,133.9955812,120,130,104.5998758,15.40012422,237.1638261,,,,,,,,,,,,,
130,130,1442.19519,1422.89209,134.2838964,133.4505802,130,130,117.1135864,12.88641358,166.059655,,,,,,,,,,,,,
140,130,1539.040283,1417.584473,144.6431456,132.9057556,140,130,128.8705752,11.12942476,123.8640956,,,,,,,,,,,,,
150,130,1632.701416,1411.470581,154.6923005,132.1466873,150,130,140.3460335,9.653966461,93.19906843,,,,,,,,,,,,,
160,130,1727.288208,1406.480225,164.7501191,131.6010538,160,130,151.991172,8.008827985,64.14132569,,,,,,,,,,,,,
170,130,1817.112061,1405.489502,174.3873096,131.4838515,170,130,163.0608638,6.939136219,48.15161147,,,,,,,,,,,,,
180,130,1903.512939,1398.3573,183.713729,130.7238845,180,130,173.684031,6.315968957,39.89146386,,,,,,,,,,,,,
0,140,131.5,1490,-4.650095176,140.7017,0,140,2.123562493,-2.123562493,4.509517662,,,,,,,,,,,,,
10,140,218.3177338,1496.721802,4.412901967,141.4398507,10,140,5.100318656,4.899681344,24.00687728,,,,,,,,,,,,,
20,140,309.5341187,1499.488281,14.1179624,141.6466798,20,140,9.30240022,10.69759978,114.438641,,,,,,,,,,,,,
30,140,403.1108704,1508.198608,23.93550213,142.598178,30,140,14.6215436,15.3784564,236.4969212,,,,,,,,,,,,,
40,140,499.0762939,1510.412842,34.08097605,142.8054869,40,140,21.02303719,18.97696281,360.1251174,,,,,,,,,,,,,
50,140,601.0858765,1516.942505,44.86958606,143.5449828,50,140,28.76726191,21.23273809,450.829167,,,,,,,,,,,,,
60,140,698.3752441,1521.481689,55.14001365,143.9659132,60,140,36.95834679,23.04165321,530.9177827,,,,,,,,,,,,,
70,140,805.8466187,1526.175415,66.58638666,144.4932752,70,140,46.81532691,23.18467309,537.5290664,,,,,,,,,,,,,
80,140,910.5,1530.5,77.62045133,144.9147509,80,140,57.12923262,22.87076738,523.0720007,,,,,,,,,,,,,
90,140,1019.001953,1530.018799,89.19833921,144.9097102,90,140,68.46511262,21.53488738,463.7513747,,,,,,,,,,,,,
100,140,1123.801758,1529.825073,100.3630685,144.9048494,100,140,79.94186247,20.05813753,402.3288811,,,,,,,,,,,,,
110,140,1229.356934,1530.651001,111.5389829,145.0067747,110,140,91.93669461,18.06330539,326.2830014,,,,,,,,,,,,,
120,140,1336.120117,1526.663696,122.9413292,144.5744773,120,140,104.4274897,15.57251025,242.5030756,,,,,,,,,,,,,
130,140,1433.578857,1521.952515,133.3956503,144.0352737,130,140,116.0747205,13.9252795,193.9134091,,,,,,,,,,,,,
140,140,1534.967896,1516.659424,144.1805752,143.4953863,140,140,128.3736007,11.62639929,135.1731604,,,,,,,,,,,,,
150,140,1629.404541,1509.085693,154.2289516,142.6343369,150,140,139.9408851,10.05911488,101.1857922,,,,,,,,,,,,,
160,140,1719.671387,1503.547729,163.9645906,142.093827,160,140,151.0524201,8.947579881,80.05918574,,,,,,,,,,,,,
170,140,1809.051636,1501.693359,173.4936789,141.8742573,170,140,162.0680758,7.931924194,62.91542142,,,,,,,,,,,,,
180,140,1898.360352,1495.514893,183.0326957,141.2259011,180,140,173.0517624,6.948237582,48.2780055,,,,,,,,,,,,,
0,150,136.5,1583.5,-4.251761881,150.6860892,0,150,2.26524477,-2.26524477,5.131333866,,,,,,,,,,,,,
10,150,227.8082581,1591.518311,5.44339308,151.5345237,10,150,5.488718641,4.511281359,20.3516595,,,,,,,,,,,,,
20,150,315.6056213,1598.212402,14.72550602,152.1711427,20,150,9.617814224,10.38218578,107.7897815,,,,,,,,,,,,,
30,150,411.6472473,1604.388672,24.86061596,152.8082443,30,150,15.15367475,14.84632525,220.4133733,,,,,,,,,,,,,
40,150,506.4652405,1606.949341,34.79451068,153.1267446,40,150,21.55273497,18.44726503,340.3015871,,,,,,,,,,,,,
50,150,605.8763428,1616.024658,45.37083434,154.0842253,50,150,29.15294843,20.84705157,434.5995592,,,,,,,,,,,,,
60,150,705.3592529,1618.116821,55.8534726,154.2971087,60,150,37.57421283,22.42578717,502.9159302,,,,,,,,,,,,,
70,150,808.8208618,1625.57312,66.87470066,155.1495433,70,150,47.09917627,22.90082373,524.4477277,,,,,,,,,,,,,
80,150,913.5942993,1625.96875,78.0156547,155.1499608,80,150,57.44392361,22.55607639,508.7765823,,,,,,,,,,,,,
90,150,1019.471863,1629.418457,89.16714327,155.4703765,90,150,68.51548433,21.48451567,461.5844134,,,,,,,,,,,,,
100,150,1124.460449,1626.10791,100.3320199,155.1507971,100,150,80.01544767,19.98455233,399.3823318,,,,,,,,,,,,,
110,150,1225.418945,1624.438477,111.082187,154.9376514,110,150,91.48235097,18.51764903,342.9033256,,,,,,,,,,,,,
120,150,1328.288574,1623.567627,122.0555588,154.9379545,120,150,103.5007965,16.49920354,272.2237175,,,,,,,,,,,,,
130,150,1431.689453,1618.718384,133.1484843,154.4038435,130,150,115.8470945,14.15290553,200.3047351,,,,,,,,,,,,,
140,150,1526.139648,1613.433228,143.1851436,153.7622712,140,150,127.2969282,12.70307176,161.3680321,,,,,,,,,,,,,
150,150,1621.403564,1604.919312,153.3388029,152.906123,150,150,138.9579536,11.04204638,121.9267883,,,,,,,,,,,,,
160,150,1716.294434,1598.602539,163.5013387,152.263237,160,150,150.6362486,9.363751367,87.67983966,,,,,,,,,,,,,
170,150,1803.381958,1592.936523,172.8166946,151.6198509,170,150,161.3696364,8.630363634,74.48317646,,,,,,,,,,,,,
180,150,1889.433716,1589.550049,182.0317814,151.297312,180,150,171.9559377,8.044062288,64.70693809,,,,,,,,,,,,,
0,160,141.8135986,1673.592163,-3.641772968,160.2447616,0,160,2.41999935,-2.41999935,5.856396852,,,,,,,,,,,,,
10,160,230.7218018,1684.083984,5.736450953,161.3098021,10,160,5.610314976,4.389685024,19.26933461,,,,,,,,,,,,,
20,160,323,1690,15.44036086,161.9507003,20,160,10.00770216,9.992297837,99.84601605,,,,,,,,,,,,,
30,160,415.0300293,1697.241699,25.15265324,162.6985098,30,160,15.3666274,14.6333726,214.1355936,,,,,,,,,,,,,
40,160,509.4199219,1700.622437,35.08588039,163.1279102,40,160,21.76596382,18.23403618,332.4800753,,,,,,,,,,,,,
50,160,610.6560059,1707.366211,45.87429831,163.7709457,50,160,29.5396492,20.4603508,418.6259549,,,,,,,,,,,,,
60,160,710.3215332,1714.693481,56.35499785,164.6274523,60,160,38.01396732,21.98603268,483.3856331,,,,,,,,,,,,,
70,160,811.6276245,1716.360229,67.16596827,164.7391401,70,160,47.36756187,22.63243813,512.2272556,,,,,,,,,,,,,
80,160,912.246521,1718.771118,77.77482347,165.0640281,80,160,57.30678889,22.69321111,514.9818307,,,,,,,,,,,,,
90,160,1018.608704,1720.292603,89.13847219,165.1763103,90,160,68.42296643,21.57703357,465.5683776,,,,,,,,,,,,,
100,160,1119.732788,1719.710571,99.87614875,165.1816834,100,160,79.48767854,20.51232146,420.7553317,,,,,,,,,,,,,
110,160,1222.429077,1721.018799,110.7306192,165.293873,110,160,91.13772661,18.86227339,355.7853576,,,,,,,,,,,,,
120,160,1326.805176,1716.20874,121.9177345,164.7654594,120,160,103.3254395,16.67456049,278.0409675,,,,,,,,,,,,,
130,160,1426.168579,1709.148193,132.4770335,164.0224715,130,160,115.1823413,14.81765872,219.5630098,,,,,,,,,,,,,
140,160,1522.969482,1706.318726,142.831722,163.7063381,140,160,126.9105367,13.08946329,171.3340493,,,,,,,,,,,,,
150,160,1617.127563,1697.405884,152.8778464,162.7479569,150,160,138.4328211,11.5671789,133.7996276,,,,,,,,,,,,,
160,160,1709.487915,1693.891235,162.7172063,162.4307128,160,160,149.7974859,10.20251415,104.091295,,,,,,,,,,,,,
170,160,1796.586914,1687.663818,172.1383325,161.7918317,170,160,160.5324533,9.467546692,89.63444036,,,,,,,,,,,,,
180,160,1883.204224,1678.245361,181.3549042,160.7238766,180,160,171.1908908,8.809109249,77.60040576,,,,,,,,,,,,,
0,170,151.3725281,1765.054443,-2.71600507,169.9091637,0,170,2.709104403,-2.709104403,7.339246666,,,,,,,,,,,,,
10,170,240.4388123,1775.39856,6.662407241,170.9783143,10,170,6.023778917,3.976221083,15.8103341,,,,,,,,,,,,,
20,170,331.027771,1779.884033,16.26123283,171.5171376,20,170,10.43807393,9.561926072,91.43043021,,,,,,,,,,,,,
30,170,420.6492004,1785.587646,25.76263101,172.1626795,30,170,15.72295757,14.27704243,203.8339404,,,,,,,,,,,,,
40,170,515.2134399,1794.914917,35.69440861,173.1282772,40,170,22.18639206,17.81360794,317.3246277,,,,,,,,,,,,,
50,170,614,1800,46.16548434,173.6695255,50,170,29.81130981,20.18869019,407.5832117,,,,,,,,,,,,,
60,170,711.0904541,1805.769409,56.43447976,174.3175774,60,170,38.08226907,21.91773093,480.3869292,,,,,,,,,,,,,
70,170,814,1809,67.35026848,174.6472555,70,170,47.59480317,22.40519683,501.9928448,,,,,,,,,,,,,
80,170,916.6134033,1810.471558,78.27764988,174.764097,80,170,57.75147844,22.24852156,494.9967116,,,,,,,,,,,,,
90,170,1015.972229,1811.144897,88.79104834,174.8806533,90,170,68.14059288,21.85940712,477.8336795,,,,,,,,,,,,,
100,170,1120.567749,1810.703003,99.95311387,174.8912405,100,170,79.58082485,20.41917515,416.9427139,,,,,,,,,,,,,
110,170,1219.323486,1808.855103,110.3820891,174.6876472,110,170,90.7800677,19.2199323,369.4057977,,,,,,,,,,,,,
120,170,1319.192017,1808.458374,121.0339322,174.5908503,120,170,102.4263358,17.57366424,308.8336749,,,,,,,,,,,,,
130,170,1420.586426,1803.248169,131.9109975,174.0667602,130,170,114.5107851,15.48921491,239.9157785,,,,,,,,,,,,,
140,170,1515.544067,1796.437988,142.052315,173.3276789,140,170,126.006,13.994,195.832036,,,,,,,,,,,,,
150,170,1608.197754,1788.597412,151.8825957,172.5876298,150,170,137.3365864,12.66341363,160.3620447,,,,,,,,,,,,,
160,170,1699.202881,1784.829346,161.6138046,172.1678123,160,170,148.530262,11.46973801,131.5548901,,,,,,,,,,,,,
170,170,1790.536987,1776.5177,171.4623638,171.3195108,170,170,159.7869821,10.21301795,104.3057356,,,,,,,,,,,,,
180,170,1875.809204,1771.279663,180.5690805,170.6840618,180,170,170.2823799,9.717620076,94.43213995,,,,,,,,,,,,,
0,180,157.5,1854.5,-2.000501704,179.3605274,0,180,2.901564192,-2.901564192,8.41907476,,,,,,,,,,,,,
10,180,244.3111572,1864.400513,7.061587737,180.4333053,10,180,6.191920496,3.808079504,14.50146951,,,,,,,,,,,,,
20,180,336,1870,16.76543507,181.0826794,20,180,10.70830582,9.291694182,86.33558078,,,,,,,,,,,,,
30,180,429.829071,1875.746338,26.68920425,181.7329002,30,180,16.31199759,13.68800241,187.36141,,,,,,,,,,,,,
40,180,524.6464844,1884.481079,36.72719954,182.5965878,40,180,22.87749546,17.12250454,293.1801616,,,,,,,,,,,,,
50,180,617.9691772,1890.614136,46.56303626,183.354368,50,180,30.13494322,19.86505678,394.6204807,,,,,,,,,,,,,
60,180,715.0390015,1892.251343,56.83319456,183.4746209,60,180,38.43368619,21.56631381,465.1058914,,,,,,,,,,,,,
70,180,817.5889893,1896.075317,67.74841457,183.9154065,70,180,47.93925992,22.06074008,486.6762531,,,,,,,,,,,,,
80,180,917.9103394,1901.211426,78.35586019,184.4627637,80,180,57.88375125,22.11624875,489.1284588,,,,,,,,,,,,,
90,180,1018.555725,1899.39856,89.08208633,184.2644425,90,180,68.41728906,21.58271094,465.8134115,,,,,,,,,,,,,
100,180,1116.361084,1898.5896,99.39293215,184.2786897,100,180,79.11181962,20.88818038,436.3160795,,,,,,,,,,,,,
110,180,1215.637573,1900.058716,110.0326224,184.4001184,110,180,90.35598034,19.64401966,385.8875084,,,,,,,,,,,,,
120,180,1317.969727,1896.726929,120.8972221,184.0948417,120,180,102.2821219,17.71787805,313.9232027,,,,,,,,,,,,,
130,180,1415.356201,1889.044067,131.2411768,183.254372,130,180,113.8821022,16.11789783,259.7866305,,,,,,,,,,,,,
140,180,1510.757935,1886.678711,141.4862331,183.0542562,140,180,125.4233515,14.57664847,212.4786806,,,,,,,,,,,,,
150,180,1600.572876,1880.959717,151.10128,182.4253834,150,180,136.4010302,13.59896985,184.9319809,,,,,,,,,,,,,
160,180,1695.220337,1873.571045,161.1531181,181.6895063,160,180,148.0396442,11.9603558,143.0501108,,,,,,,,,,,,,
170,180,1782.281982,1866.252197,170.4653704,180.8449936,170,180,158.7696847,11.23031528,126.1199813,,,,,,,,,,,,,
180,180,1871.025513,1858.750244,179.9996171,180.1070775,180,180,169.6945027,10.30549726,106.2032737,,,,,,,,,,,,,
